#
# There is insufficient memory for the Java Runtime Environment to continue.
# Native memory allocation (mmap) failed to map 1291845632 bytes for G1 virtual space
# Possible reasons:
#   The system is out of physical RAM or swap space
#   The process is running with CompressedOops enabled, and the Java Heap may be blocking the growth of the native heap
# Possible solutions:
#   Reduce memory load on the system
#   Increase physical memory or swap space
#   Check if swap backing store is full
#   Decrease Java heap size (-Xmx/-Xms)
#   Decrease number of Java threads
#   Decrease Java thread stack sizes (-Xss)
#   Set larger code cache with -XX:ReservedCodeCacheSize=
#   JVM is running with Zero Based Compressed Oops mode in which the Java heap is
#     placed in the first 32GB address space. The Java Heap base address is the
#     maximum limit for the native heap growth. Please use -XX:HeapBaseMinAddress
#     to set the Java Heap base and to place the Java Heap above 32GB virtual address.
# This output file may be truncated or incomplete.
#
#  Out of Memory Error (os_windows.cpp:3548), pid=27472, tid=9756
#
# JRE version: Java(TM) SE Runtime Environment (17.0.12+8) (build 17.0.12+8-LTS-286)
# Java VM: Java HotSpot(TM) 64-Bit Server VM (17.0.12+8-LTS-286, mixed mode, sharing, tiered, compressed oops, compressed class ptrs, g1 gc, windows-amd64)
# No core dump will be written. Minidumps are not enabled by default on client versions of Windows
#

---------------  S U M M A R Y ------------

Command Line: --add-opens=java.base/java.util=ALL-UNNAMED --add-opens=java.base/java.lang=ALL-UNNAMED --add-opens=java.base/java.lang.invoke=ALL-UNNAMED --add-opens=java.prefs/java.util.prefs=ALL-UNNAMED --add-opens=java.base/java.nio.charset=ALL-UNNAMED --add-opens=java.base/java.net=ALL-UNNAMED --add-opens=java.base/java.util.concurrent.atomic=ALL-UNNAMED -Xms512m -Xmx4096m -Dfile.encoding=UTF-8 -Duser.country=US -Duser.language=en -Duser.variant -javaagent:C:\Users\PC\.gradle\wrapper\dists\gradle-8.7-bin\bhs2wmbdwecv87pi65oeuq5iu\gradle-8.7\lib\agents\gradle-instrumentation-agent-8.7.jar org.gradle.launcher.daemon.bootstrap.GradleDaemon 8.7

Host: Intel(R) Core(TM) i5-8365U CPU @ 1.60GHz, 8 cores, 15G,  Windows 11 , 64 bit Build 26100 (10.0.26100.7920)
Time: Tue Apr 14 13:39:33 2026 India Standard Time elapsed time: 3531.288032 seconds (0d 0h 58m 51s)

---------------  T H R E A D  ---------------

Current thread (0x000001f84a34a750):  VMThread "VM Thread" [stack: 0x00000042b4600000,0x00000042b4700000] [id=9756]

Stack: [0x00000042b4600000,0x00000042b4700000]
Native frames: (J=compiled Java code, j=interpreted, Vv=VM code, C=native code)
V  [jvm.dll+0x67a04a]
V  [jvm.dll+0x7da4ed]
V  [jvm.dll+0x7dbe33]
V  [jvm.dll+0x7dc4a3]
V  [jvm.dll+0x24508f]
V  [jvm.dll+0x677089]
V  [jvm.dll+0x66bd32]
V  [jvm.dll+0x301fa6]
V  [jvm.dll+0x309546]
V  [jvm.dll+0x359d2e]
V  [jvm.dll+0x359f5f]
V  [jvm.dll+0x2d9078]
V  [jvm.dll+0x2d74ad]
V  [jvm.dll+0x2d6afc]
V  [jvm.dll+0x31a65b]
V  [jvm.dll+0x7e0d9b]
V  [jvm.dll+0x7e1ad4]
V  [jvm.dll+0x7e1fed]
V  [jvm.dll+0x7e23c4]
V  [jvm.dll+0x7e2490]
V  [jvm.dll+0x78abea]
V  [jvm.dll+0x678f35]
C  [ucrtbase.dll+0x37b0]
C  [KERNEL32.DLL+0x2e8d7]
C  [ntdll.dll+0x8c48c]

VM_Operation (0x00000042b89f8930): G1CollectForAllocation, mode: safepoint, requested by thread 0x000001f89caf66c0


---------------  P R O C E S S  ---------------

Threads class SMR info:
_java_thread_list=0x000001f896b04ff0, length=144, elements={
0x000001f825981b50, 0x000001f84a352830, 0x000001f84a354e80, 0x000001f84a36d990,
0x000001f84a370270, 0x000001f84a3716b0, 0x000001f84a372af0, 0x000001f84a37c2f0,
0x000001f84a385830, 0x000001f84a386140, 0x000001f84a9cf460, 0x000001f84aacf790,
0x000001f891c7e740, 0x000001f890a76f90, 0x000001f892e4cd10, 0x000001f892f49220,
0x000001f892f49c40, 0x000001f892f4ab70, 0x000001f892f49730, 0x000001f892f4a150,
0x000001f89255c030, 0x000001f89255c540, 0x000001f89255b100, 0x000001f89255ca50,
0x000001f89255bb20, 0x000001f89255b610, 0x000001f89255de90, 0x000001f89255e3a0,
0x000001f892562060, 0x000001f893df2350, 0x000001f891e1dd70, 0x000001f89315d540,
0x000001f8922a5790, 0x000001f893df3790, 0x000001f8940c0a60, 0x000001f8940c0f70,
0x000001f8940c1480, 0x000001f8922a75f0, 0x000001f895ffeca0, 0x000001f8922a6bd0,
0x000001f896001520, 0x000001f89de5fb10, 0x000001f89315d030, 0x000001f89315c610,
0x000001f89315da50, 0x000001f89e6612e0, 0x000001f89e661d00, 0x000001f89e6617f0,
0x000001f89e65f480, 0x000001f89e65fea0, 0x000001f89e662210, 0x000001f89e662720,
0x000001f895617c40, 0x000001f89e6608c0, 0x000001f89e65ef70, 0x000001f89e65f990,
0x000001f89e6603b0, 0x000001f89e660dd0, 0x000001f89700e420, 0x000001f89700cfe0,
0x000001f89caf61b0, 0x000001f89caf66c0, 0x000001f89caf6bd0, 0x000001f896111b60,
0x000001f89caf70e0, 0x000001f89caf8520, 0x000001f89caf7b00, 0x000001f89caf8010,
0x000001f89caf8a30, 0x000001f895c5ef60, 0x000001f895c5f470, 0x000001f895c603a0,
0x000001f895c612d0, 0x000001f895c608b0, 0x000001f895c61cf0, 0x000001f896112070,
0x000001f896112a90, 0x000001f896111140, 0x000001f896112fa0, 0x000001f8961134b0,
0x000001f8961139c0, 0x000001f896111650, 0x000001f8960000e0, 0x000001f8960005f0,
0x000001f895fffbd0, 0x000001f895fff6c0, 0x000001f896001a30, 0x000001f895ed3150,
0x000001f895ed4080, 0x000001f895ed4590, 0x000001f895ed2c40, 0x000001f895ed3660,
0x000001f891d3e580, 0x000001f893df2860, 0x000001f8920163a0, 0x000001f8920168b0,
0x000001f892013610, 0x000001f892014f60, 0x000001f892013100, 0x000001f892013b20,
0x000001f892014030, 0x000001f892014540, 0x000001f892015470, 0x000001f892014a50,
0x000001f892015980, 0x000001f893cfe690, 0x000001f893cfdc70, 0x000001f893cfeba0,
0x000001f893cff0b0, 0x000001f893cfe180, 0x000001f893cff5c0, 0x000001f893cfbe10,
0x000001f893cfc320, 0x000001f893cfc830, 0x000001f893cfcd40, 0x000001f893cfd250,
0x000001f89de60020, 0x000001f89de5e1c0, 0x000001f89de5d7a0, 0x000001f89de5c870,
0x000001f89de5cd80, 0x000001f89de5ebe0, 0x000001f89de5dcb0, 0x000001f89de5f0f0,
0x000001f890cee850, 0x000001f890cf0bc0, 0x000001f890ceed60, 0x000001f893cfd760,
0x000001f89e2ea0e0, 0x000001f89e2ea5f0, 0x000001f89e2eab00, 0x000001f89e2eb010,
0x000001f89e2eba30, 0x000001f89e2ec960, 0x000001f89e2ece70, 0x000001f89e2ebf40,
0x000001f89e2eb520, 0x000001f89e2e96c0, 0x000001f89e2ec450, 0x000001f89e2e9bd0,
0x000001f891d3f9c0, 0x000001f891d3ea90, 0x000001f8918565b0, 0x000001f890cc9b10
}

Java Threads: ( => current thread )
  0x000001f825981b50 JavaThread "main" [_thread_blocked, id=25748, stack(0x00000042b4000000,0x00000042b4100000)]
  0x000001f84a352830 JavaThread "Reference Handler" daemon [_thread_blocked, id=19252, stack(0x00000042b4700000,0x00000042b4800000)]
  0x000001f84a354e80 JavaThread "Finalizer" daemon [_thread_blocked, id=19560, stack(0x00000042b4800000,0x00000042b4900000)]
  0x000001f84a36d990 JavaThread "Signal Dispatcher" daemon [_thread_blocked, id=26208, stack(0x00000042b4900000,0x00000042b4a00000)]
  0x000001f84a370270 JavaThread "Attach Listener" daemon [_thread_blocked, id=17640, stack(0x00000042b4a00000,0x00000042b4b00000)]
  0x000001f84a3716b0 JavaThread "Service Thread" daemon [_thread_blocked, id=29276, stack(0x00000042b4b00000,0x00000042b4c00000)]
  0x000001f84a372af0 JavaThread "Monitor Deflation Thread" daemon [_thread_blocked, id=6116, stack(0x00000042b4c00000,0x00000042b4d00000)]
  0x000001f84a37c2f0 JavaThread "C2 CompilerThread0" daemon [_thread_in_native, id=13956, stack(0x00000042b4d00000,0x00000042b4e00000)]
  0x000001f84a385830 JavaThread "C1 CompilerThread0" daemon [_thread_blocked, id=28112, stack(0x00000042b4e00000,0x00000042b4f00000)]
  0x000001f84a386140 JavaThread "Sweeper thread" daemon [_thread_blocked, id=13744, stack(0x00000042b4f00000,0x00000042b5000000)]
  0x000001f84a9cf460 JavaThread "Common-Cleaner" daemon [_thread_blocked, id=27540, stack(0x00000042b5000000,0x00000042b5100000)]
  0x000001f84aacf790 JavaThread "Notification Thread" daemon [_thread_blocked, id=3096, stack(0x00000042b5100000,0x00000042b5200000)]
  0x000001f891c7e740 JavaThread "Daemon health stats" [_thread_blocked, id=13140, stack(0x00000042b5c00000,0x00000042b5d00000)]
  0x000001f890a76f90 JavaThread "Incoming local TCP Connector on port 59853" [_thread_in_native, id=22696, stack(0x00000042b5b00000,0x00000042b5c00000)]
  0x000001f892e4cd10 JavaThread "Daemon periodic checks" [_thread_blocked, id=17920, stack(0x00000042b5d00000,0x00000042b5e00000)]
  0x000001f892f49220 JavaThread "Cache worker for journal cache (C:\Users\PC\.gradle\caches\journal-1)" [_thread_blocked, id=26760, stack(0x00000042b6500000,0x00000042b6600000)]
  0x000001f892f49c40 JavaThread "File lock request listener" [_thread_in_native, id=15824, stack(0x00000042b6600000,0x00000042b6700000)]
  0x000001f892f4ab70 JavaThread "Cache worker for file hash cache (C:\Users\PC\.gradle\caches\8.7\fileHashes)" [_thread_blocked, id=17516, stack(0x00000042b6700000,0x00000042b6800000)]
  0x000001f892f49730 JavaThread "File watcher server" daemon [_thread_blocked, id=26316, stack(0x00000042b6a00000,0x00000042b6b00000)]
  0x000001f892f4a150 JavaThread "File watcher consumer" daemon [_thread_blocked, id=7700, stack(0x00000042b6b00000,0x00000042b6c00000)]
  0x000001f89255c030 JavaThread "jar transforms" [_thread_blocked, id=11280, stack(0x00000042b6d00000,0x00000042b6e00000)]
  0x000001f89255c540 JavaThread "jar transforms Thread 2" [_thread_blocked, id=7956, stack(0x00000042b6e00000,0x00000042b6f00000)]
  0x000001f89255b100 JavaThread "jar transforms Thread 3" [_thread_blocked, id=12760, stack(0x00000042b6f00000,0x00000042b7000000)]
  0x000001f89255ca50 JavaThread "jar transforms Thread 4" [_thread_blocked, id=4404, stack(0x00000042b7000000,0x00000042b7100000)]
  0x000001f89255bb20 JavaThread "jar transforms Thread 5" [_thread_blocked, id=18968, stack(0x00000042b7100000,0x00000042b7200000)]
  0x000001f89255b610 JavaThread "jar transforms Thread 6" [_thread_blocked, id=24740, stack(0x00000042b7200000,0x00000042b7300000)]
  0x000001f89255de90 JavaThread "jar transforms Thread 7" [_thread_blocked, id=29032, stack(0x00000042b7300000,0x00000042b7400000)]
  0x000001f89255e3a0 JavaThread "jar transforms Thread 8" [_thread_blocked, id=6444, stack(0x00000042b7400000,0x00000042b7500000)]
  0x000001f892562060 JavaThread "Cache worker for file content cache (C:\Users\PC\.gradle\caches\8.7\fileContent)" [_thread_blocked, id=19800, stack(0x00000042b7800000,0x00000042b7900000)]
  0x000001f893df2350 JavaThread "Memory manager" [_thread_blocked, id=20720, stack(0x00000042b9200000,0x00000042b9300000)]
  0x000001f891e1dd70 JavaThread "Cache worker for Java compile cache (C:\Users\PC\.gradle\caches\8.7\javaCompile)" [_thread_blocked, id=19268, stack(0x00000042bdf00000,0x00000042be000000)]
  0x000001f89315d540 JavaThread "ForkJoinPool.commonPool-worker-28" daemon [_thread_blocked, id=22856, stack(0x00000042b8200000,0x00000042b8300000)]
  0x000001f8922a5790 JavaThread "Daemon Thread 10" [_thread_blocked, id=22736, stack(0x00000042b3d00000,0x00000042b3e00000)]
  0x000001f893df3790 JavaThread "Daemon Thread 11" [_thread_blocked, id=17276, stack(0x00000042b3f00000,0x00000042b4000000)]
  0x000001f8940c0a60 JavaThread "Daemon worker Thread 9" [_thread_blocked, id=29372, stack(0x00000042b5e00000,0x00000042b5f00000)]
  0x000001f8940c0f70 JavaThread "ForkJoinPool.commonPool-worker-33" daemon [_thread_blocked, id=17316, stack(0x00000042b7d00000,0x00000042b7e00000)]
  0x000001f8940c1480 JavaThread "ForkJoinPool.commonPool-worker-34" daemon [_thread_blocked, id=26488, stack(0x00000042b7e00000,0x00000042b7f00000)]
  0x000001f8922a75f0 JavaThread "ForkJoinPool.commonPool-worker-35" daemon [_thread_blocked, id=8672, stack(0x00000042b7f00000,0x00000042b8000000)]
  0x000001f895ffeca0 JavaThread "ForkJoinPool.commonPool-worker-36" daemon [_thread_blocked, id=21824, stack(0x00000042b8000000,0x00000042b8100000)]
  0x000001f8922a6bd0 JavaThread "ForkJoinPool.commonPool-worker-37" daemon [_thread_blocked, id=14836, stack(0x00000042b8100000,0x00000042b8200000)]
  0x000001f896001520 JavaThread "ForkJoinPool.commonPool-worker-38" daemon [_thread_blocked, id=27284, stack(0x00000042b8300000,0x00000042b8400000)]
  0x000001f89de5fb10 JavaThread "included builds" [_thread_blocked, id=15320, stack(0x00000042b8400000,0x00000042b8500000)]
  0x000001f89315d030 JavaThread "VFS cleanup Thread 9" [_thread_blocked, id=25676, stack(0x00000042b5f00000,0x00000042b6000000)]
  0x000001f89315c610 JavaThread "Handler for socket connection from /127.0.0.1:59853 to /127.0.0.1:64852" [_thread_in_native, id=20988, stack(0x00000042b3e00000,0x00000042b3f00000)]
  0x000001f89315da50 JavaThread "Cancel handler" [_thread_blocked, id=3736, stack(0x00000042b5300000,0x00000042b5400000)]
  0x000001f89e6612e0 JavaThread "Asynchronous log dispatcher for DefaultDaemonConnection: socket connection from /127.0.0.1:59853 to /127.0.0.1:64852" [_thread_blocked, id=10092, stack(0x00000042b6000000,0x00000042b6100000)]
  0x000001f89e661d00 JavaThread "Stdin handler" [_thread_blocked, id=25652, stack(0x00000042b6100000,0x00000042b6200000)]
  0x000001f89e6617f0 JavaThread "Daemon client event forwarder" [_thread_blocked, id=4392, stack(0x00000042b6200000,0x00000042b6300000)]
  0x000001f89e65f480 JavaThread "Cache worker for file hash cache (D:\Testing engineer\testing-automation\.gradle\8.7\fileHashes)" [_thread_blocked, id=28616, stack(0x00000042b6300000,0x00000042b6400000)]
  0x000001f89e65fea0 JavaThread "Cache worker for checksums cache (D:\Testing engineer\testing-automation\.gradle\8.7\checksums)" [_thread_blocked, id=24416, stack(0x00000042b6800000,0x00000042b6900000)]
  0x000001f89e662210 JavaThread "Cache worker for cache directory md-supplier (C:\Users\PC\.gradle\caches\8.7\md-supplier)" [_thread_blocked, id=7308, stack(0x00000042b6900000,0x00000042b6a00000)]
  0x000001f89e662720 JavaThread "Cache worker for cache directory md-rule (C:\Users\PC\.gradle\caches\8.7\md-rule)" [_thread_blocked, id=2972, stack(0x00000042b7500000,0x00000042b7600000)]
  0x000001f895617c40 JavaThread "Cache worker for Build Output Cleanup Cache (D:\Testing engineer\testing-automation\.gradle\buildOutputCleanup)" [_thread_blocked, id=9476, stack(0x00000042b7700000,0x00000042b7800000)]
  0x000001f89e6608c0 JavaThread "Unconstrained build operations" [_thread_blocked, id=29244, stack(0x00000042b7900000,0x00000042b7a00000)]
  0x000001f89e65ef70 JavaThread "Unconstrained build operations Thread 2" [_thread_blocked, id=26536, stack(0x00000042b7a00000,0x00000042b7b00000)]
  0x000001f89e65f990 JavaThread "Unconstrained build operations Thread 3" [_thread_blocked, id=23656, stack(0x00000042b7b00000,0x00000042b7c00000)]
  0x000001f89e6603b0 JavaThread "Unconstrained build operations Thread 4" [_thread_blocked, id=23772, stack(0x00000042b7c00000,0x00000042b7d00000)]
  0x000001f89e660dd0 JavaThread "Unconstrained build operations Thread 5" [_thread_blocked, id=26824, stack(0x00000042b8500000,0x00000042b8600000)]
  0x000001f89700e420 JavaThread "Unconstrained build operations Thread 6" [_thread_blocked, id=28256, stack(0x00000042b8600000,0x00000042b8700000)]
  0x000001f89700cfe0 JavaThread "Unconstrained build operations Thread 7" [_thread_blocked, id=25428, stack(0x00000042b8700000,0x00000042b8800000)]
  0x000001f89caf61b0 JavaThread "included builds" [_thread_blocked, id=16776, stack(0x00000042b8800000,0x00000042b8900000)]
  0x000001f89caf66c0 JavaThread "Execution worker" [_thread_blocked, id=4920, stack(0x00000042b8900000,0x00000042b8a00000)]
  0x000001f89caf6bd0 JavaThread "Execution worker Thread 2" [_thread_blocked, id=26664, stack(0x00000042b8a00000,0x00000042b8b00000)]
  0x000001f896111b60 JavaThread "Cache worker for execution history cache (D:\Testing engineer\testing-automation\.gradle\8.7\executionHistory)" [_thread_blocked, id=11836, stack(0x00000042b8b00000,0x00000042b8c00000)]
  0x000001f89caf70e0 JavaThread "Execution worker Thread 3" [_thread_blocked, id=21964, stack(0x00000042b8c00000,0x00000042b8d00000)]
  0x000001f89caf8520 JavaThread "Execution worker Thread 4" [_thread_blocked, id=21728, stack(0x00000042b8d00000,0x00000042b8e00000)]
  0x000001f89caf7b00 JavaThread "Execution worker Thread 5" [_thread_blocked, id=5076, stack(0x00000042b8e00000,0x00000042b8f00000)]
  0x000001f89caf8010 JavaThread "Execution worker Thread 6" [_thread_blocked, id=26164, stack(0x00000042b8f00000,0x00000042b9000000)]
  0x000001f89caf8a30 JavaThread "Execution worker Thread 7" [_thread_blocked, id=18060, stack(0x00000042b9000000,0x00000042b9100000)]
  0x000001f895c5ef60 JavaThread "Unconstrained build operations Thread 8" [_thread_blocked, id=12940, stack(0x00000042b9100000,0x00000042b9200000)]
  0x000001f895c5f470 JavaThread "Unconstrained build operations Thread 9" [_thread_blocked, id=20704, stack(0x00000042b9300000,0x00000042b9400000)]
  0x000001f895c603a0 JavaThread "Unconstrained build operations Thread 10" [_thread_blocked, id=7728, stack(0x00000042b9400000,0x00000042b9500000)]
  0x000001f895c612d0 JavaThread "Unconstrained build operations Thread 11" [_thread_blocked, id=25712, stack(0x00000042b9500000,0x00000042b9600000)]
  0x000001f895c608b0 JavaThread "Unconstrained build operations Thread 12" [_thread_blocked, id=14300, stack(0x00000042b9600000,0x00000042b9700000)]
  0x000001f895c61cf0 JavaThread "Unconstrained build operations Thread 13" [_thread_blocked, id=17632, stack(0x00000042b9700000,0x00000042b9800000)]
  0x000001f896112070 JavaThread "Unconstrained build operations Thread 14" [_thread_blocked, id=29108, stack(0x00000042b9800000,0x00000042b9900000)]
  0x000001f896112a90 JavaThread "Unconstrained build operations Thread 15" [_thread_blocked, id=17648, stack(0x00000042b9900000,0x00000042b9a00000)]
  0x000001f896111140 JavaThread "Unconstrained build operations Thread 16" [_thread_blocked, id=28128, stack(0x00000042b9a00000,0x00000042b9b00000)]
  0x000001f896112fa0 JavaThread "Unconstrained build operations Thread 17" [_thread_blocked, id=27812, stack(0x00000042b9b00000,0x00000042b9c00000)]
  0x000001f8961134b0 JavaThread "Unconstrained build operations Thread 18" [_thread_blocked, id=27656, stack(0x00000042b9c00000,0x00000042b9d00000)]
  0x000001f8961139c0 JavaThread "Unconstrained build operations Thread 19" [_thread_blocked, id=22204, stack(0x00000042b9f00000,0x00000042ba000000)]
  0x000001f896111650 JavaThread "Unconstrained build operations Thread 20" [_thread_blocked, id=28432, stack(0x00000042ba000000,0x00000042ba100000)]
  0x000001f8960000e0 JavaThread "Unconstrained build operations Thread 21" [_thread_blocked, id=25080, stack(0x00000042ba100000,0x00000042ba200000)]
  0x000001f8960005f0 JavaThread "Unconstrained build operations Thread 22" [_thread_blocked, id=20140, stack(0x00000042ba200000,0x00000042ba300000)]
  0x000001f895fffbd0 JavaThread "Unconstrained build operations Thread 23" [_thread_blocked, id=27808, stack(0x00000042ba300000,0x00000042ba400000)]
  0x000001f895fff6c0 JavaThread "Unconstrained build operations Thread 24" [_thread_blocked, id=20952, stack(0x00000042ba400000,0x00000042ba500000)]
  0x000001f896001a30 JavaThread "Unconstrained build operations Thread 25" [_thread_blocked, id=15276, stack(0x00000042ba500000,0x00000042ba600000)]
  0x000001f895ed3150 JavaThread "Unconstrained build operations Thread 26" [_thread_blocked, id=8140, stack(0x00000042ba600000,0x00000042ba700000)]
  0x000001f895ed4080 JavaThread "Unconstrained build operations Thread 27" [_thread_blocked, id=21872, stack(0x00000042ba700000,0x00000042ba800000)]
  0x000001f895ed4590 JavaThread "Unconstrained build operations Thread 28" [_thread_blocked, id=5712, stack(0x00000042ba800000,0x00000042ba900000)]
  0x000001f895ed2c40 JavaThread "Unconstrained build operations Thread 29" [_thread_blocked, id=27368, stack(0x00000042ba900000,0x00000042baa00000)]
  0x000001f895ed3660 JavaThread "Unconstrained build operations Thread 30" [_thread_blocked, id=13508, stack(0x00000042baa00000,0x00000042bab00000)]
  0x000001f891d3e580 JavaThread "Unconstrained build operations Thread 31" [_thread_blocked, id=8764, stack(0x00000042bab00000,0x00000042bac00000)]
  0x000001f893df2860 JavaThread "Unconstrained build operations Thread 32" [_thread_blocked, id=29212, stack(0x00000042bac00000,0x00000042bad00000)]
  0x000001f8920163a0 JavaThread "Unconstrained build operations Thread 33" [_thread_blocked, id=1704, stack(0x00000042bad00000,0x00000042bae00000)]
  0x000001f8920168b0 JavaThread "Unconstrained build operations Thread 34" [_thread_blocked, id=18412, stack(0x00000042bae00000,0x00000042baf00000)]
  0x000001f892013610 JavaThread "Unconstrained build operations Thread 35" [_thread_blocked, id=6584, stack(0x00000042baf00000,0x00000042bb000000)]
  0x000001f892014f60 JavaThread "Unconstrained build operations Thread 36" [_thread_blocked, id=29324, stack(0x00000042bb000000,0x00000042bb100000)]
  0x000001f892013100 JavaThread "Unconstrained build operations Thread 37" [_thread_blocked, id=9608, stack(0x00000042bb100000,0x00000042bb200000)]
  0x000001f892013b20 JavaThread "Unconstrained build operations Thread 38" [_thread_blocked, id=8648, stack(0x00000042bb200000,0x00000042bb300000)]
  0x000001f892014030 JavaThread "Unconstrained build operations Thread 39" [_thread_blocked, id=3260, stack(0x00000042bb300000,0x00000042bb400000)]
  0x000001f892014540 JavaThread "Unconstrained build operations Thread 40" [_thread_blocked, id=24992, stack(0x00000042bb400000,0x00000042bb500000)]
  0x000001f892015470 JavaThread "Unconstrained build operations Thread 41" [_thread_blocked, id=18596, stack(0x00000042bb500000,0x00000042bb600000)]
  0x000001f892014a50 JavaThread "Unconstrained build operations Thread 42" [_thread_blocked, id=3856, stack(0x00000042bb600000,0x00000042bb700000)]
  0x000001f892015980 JavaThread "Unconstrained build operations Thread 43" [_thread_blocked, id=28880, stack(0x00000042bb700000,0x00000042bb800000)]
  0x000001f893cfe690 JavaThread "Unconstrained build operations Thread 44" [_thread_blocked, id=20212, stack(0x00000042bb800000,0x00000042bb900000)]
  0x000001f893cfdc70 JavaThread "Unconstrained build operations Thread 45" [_thread_blocked, id=28660, stack(0x00000042bb900000,0x00000042bba00000)]
  0x000001f893cfeba0 JavaThread "Unconstrained build operations Thread 46" [_thread_blocked, id=2684, stack(0x00000042bba00000,0x00000042bbb00000)]
  0x000001f893cff0b0 JavaThread "Unconstrained build operations Thread 47" [_thread_blocked, id=13228, stack(0x00000042bbb00000,0x00000042bbc00000)]
  0x000001f893cfe180 JavaThread "Unconstrained build operations Thread 48" [_thread_blocked, id=24804, stack(0x00000042bbc00000,0x00000042bbd00000)]
  0x000001f893cff5c0 JavaThread "Unconstrained build operations Thread 49" [_thread_blocked, id=10712, stack(0x00000042bbd00000,0x00000042bbe00000)]
  0x000001f893cfbe10 JavaThread "Unconstrained build operations Thread 50" [_thread_blocked, id=22496, stack(0x00000042bbe00000,0x00000042bbf00000)]
  0x000001f893cfc320 JavaThread "Unconstrained build operations Thread 51" [_thread_blocked, id=21828, stack(0x00000042bbf00000,0x00000042bc000000)]
  0x000001f893cfc830 JavaThread "Unconstrained build operations Thread 52" [_thread_blocked, id=16144, stack(0x00000042bc000000,0x00000042bc100000)]
  0x000001f893cfcd40 JavaThread "Unconstrained build operations Thread 53" [_thread_blocked, id=24896, stack(0x00000042bc100000,0x00000042bc200000)]
  0x000001f893cfd250 JavaThread "Unconstrained build operations Thread 54" [_thread_blocked, id=22384, stack(0x00000042bc200000,0x00000042bc300000)]
  0x000001f89de60020 JavaThread "Unconstrained build operations Thread 55" [_thread_blocked, id=23096, stack(0x00000042bc300000,0x00000042bc400000)]
  0x000001f89de5e1c0 JavaThread "Unconstrained build operations Thread 56" [_thread_blocked, id=17148, stack(0x00000042bc400000,0x00000042bc500000)]
  0x000001f89de5d7a0 JavaThread "Unconstrained build operations Thread 57" [_thread_blocked, id=9260, stack(0x00000042bc500000,0x00000042bc600000)]
  0x000001f89de5c870 JavaThread "Unconstrained build operations Thread 58" [_thread_blocked, id=26308, stack(0x00000042bc600000,0x00000042bc700000)]
  0x000001f89de5cd80 JavaThread "Unconstrained build operations Thread 59" [_thread_blocked, id=29548, stack(0x00000042bc700000,0x00000042bc800000)]
  0x000001f89de5ebe0 JavaThread "Unconstrained build operations Thread 60" [_thread_blocked, id=13160, stack(0x00000042bc800000,0x00000042bc900000)]
  0x000001f89de5dcb0 JavaThread "Unconstrained build operations Thread 61" [_thread_blocked, id=15672, stack(0x00000042bc900000,0x00000042bca00000)]
  0x000001f89de5f0f0 JavaThread "Unconstrained build operations Thread 62" [_thread_blocked, id=15972, stack(0x00000042bca00000,0x00000042bcb00000)]
  0x000001f890cee850 JavaThread "Unconstrained build operations Thread 63" [_thread_blocked, id=22568, stack(0x00000042bcb00000,0x00000042bcc00000)]
  0x000001f890cf0bc0 JavaThread "Unconstrained build operations Thread 64" [_thread_blocked, id=13704, stack(0x00000042bcc00000,0x00000042bcd00000)]
  0x000001f890ceed60 JavaThread "Unconstrained build operations Thread 65" [_thread_blocked, id=8472, stack(0x00000042bcd00000,0x00000042bce00000)]
  0x000001f893cfd760 JavaThread "Unconstrained build operations Thread 66" [_thread_blocked, id=17104, stack(0x00000042bce00000,0x00000042bcf00000)]
  0x000001f89e2ea0e0 JavaThread "Unconstrained build operations Thread 67" [_thread_blocked, id=2280, stack(0x00000042bcf00000,0x00000042bd000000)]
  0x000001f89e2ea5f0 JavaThread "Unconstrained build operations Thread 68" [_thread_blocked, id=24544, stack(0x00000042bd000000,0x00000042bd100000)]
  0x000001f89e2eab00 JavaThread "Unconstrained build operations Thread 69" [_thread_blocked, id=16504, stack(0x00000042bd100000,0x00000042bd200000)]
  0x000001f89e2eb010 JavaThread "Unconstrained build operations Thread 70" [_thread_blocked, id=23504, stack(0x00000042bd200000,0x00000042bd300000)]
  0x000001f89e2eba30 JavaThread "Unconstrained build operations Thread 71" [_thread_blocked, id=4712, stack(0x00000042bd300000,0x00000042bd400000)]
  0x000001f89e2ec960 JavaThread "Unconstrained build operations Thread 72" [_thread_blocked, id=23356, stack(0x00000042bd400000,0x00000042bd500000)]
  0x000001f89e2ece70 JavaThread "Unconstrained build operations Thread 73" [_thread_blocked, id=8860, stack(0x00000042bd500000,0x00000042bd600000)]
  0x000001f89e2ebf40 JavaThread "Unconstrained build operations Thread 74" [_thread_blocked, id=26844, stack(0x00000042bd600000,0x00000042bd700000)]
  0x000001f89e2eb520 JavaThread "Unconstrained build operations Thread 75" [_thread_blocked, id=11232, stack(0x00000042bd700000,0x00000042bd800000)]
  0x000001f89e2e96c0 JavaThread "Unconstrained build operations Thread 76" [_thread_blocked, id=14524, stack(0x00000042bd800000,0x00000042bd900000)]
  0x000001f89e2ec450 JavaThread "Unconstrained build operations Thread 77" [_thread_blocked, id=24632, stack(0x00000042bd900000,0x00000042bda00000)]
  0x000001f89e2e9bd0 JavaThread "Unconstrained build operations Thread 78" [_thread_blocked, id=21004, stack(0x00000042bda00000,0x00000042bdb00000)]
  0x000001f891d3f9c0 JavaThread "Unconstrained build operations Thread 79" [_thread_blocked, id=15012, stack(0x00000042bdb00000,0x00000042bdc00000)]
  0x000001f891d3ea90 JavaThread "Unconstrained build operations Thread 80" [_thread_blocked, id=28724, stack(0x00000042bdc00000,0x00000042bdd00000)]
  0x000001f8918565b0 JavaThread "C2 CompilerThread1" daemon [_thread_in_native, id=17324, stack(0x00000042b6400000,0x00000042b6500000)]
  0x000001f890cc9b10 JavaThread "C2 CompilerThread2" daemon [_thread_in_native, id=14860, stack(0x00000042b7600000,0x00000042b7700000)]

Other Threads:
=>0x000001f84a34a750 VMThread "VM Thread" [stack: 0x00000042b4600000,0x00000042b4700000] [id=9756]
  0x000001f8259827e0 WatcherThread [stack: 0x00000042b5200000,0x00000042b5300000] [id=22588]
  0x000001f8259f13f0 GCTaskThread "GC Thread#0" [stack: 0x00000042b4100000,0x00000042b4200000] [id=26144]
  0x000001f89087c4a0 GCTaskThread "GC Thread#1" [stack: 0x00000042b5400000,0x00000042b5500000] [id=15644]
  0x000001f89087c760 GCTaskThread "GC Thread#2" [stack: 0x00000042b5500000,0x00000042b5600000] [id=22060]
  0x000001f8908300e0 GCTaskThread "GC Thread#3" [stack: 0x00000042b5600000,0x00000042b5700000] [id=15624]
  0x000001f890d43260 GCTaskThread "GC Thread#4" [stack: 0x00000042b5700000,0x00000042b5800000] [id=26708]
  0x000001f8907c68b0 GCTaskThread "GC Thread#5" [stack: 0x00000042b5800000,0x00000042b5900000] [id=19408]
  0x000001f890ac8a80 GCTaskThread "GC Thread#6" [stack: 0x00000042b5900000,0x00000042b5a00000] [id=9800]
  0x000001f890ac8d40 GCTaskThread "GC Thread#7" [stack: 0x00000042b5a00000,0x00000042b5b00000] [id=5332]
  0x000001f825a04f40 ConcurrentGCThread "G1 Main Marker" [stack: 0x00000042b4200000,0x00000042b4300000] [id=16020]
  0x000001f825a06000 ConcurrentGCThread "G1 Conc#0" [stack: 0x00000042b4300000,0x00000042b4400000] [id=2944]
  0x000001f894517b10 ConcurrentGCThread "G1 Conc#1" [stack: 0x00000042b6c00000,0x00000042b6d00000] [id=17564]
  0x000001f825a4d650 ConcurrentGCThread "G1 Refine#0" [stack: 0x00000042b4400000,0x00000042b4500000] [id=11032]
  0x000001f895386ab0 ConcurrentGCThread "G1 Refine#1" [stack: 0x00000042b9d00000,0x00000042b9e00000] [id=15364]
  0x000001f895385ef0 ConcurrentGCThread "G1 Refine#2" [stack: 0x00000042b9e00000,0x00000042b9f00000] [id=13756]
  0x000001f895386da0 ConcurrentGCThread "G1 Refine#3" [stack: 0x00000042be200000,0x00000042be300000] [id=1816]
  0x000001f895385040 ConcurrentGCThread "G1 Refine#4" [stack: 0x00000042be300000,0x00000042be400000] [id=11548]
  0x000001f8960f2e00 ConcurrentGCThread "G1 Refine#5" [stack: 0x00000042be900000,0x00000042bea00000] [id=8704]
  0x000001f84a2e54a0 ConcurrentGCThread "G1 Service" [stack: 0x00000042b4500000,0x00000042b4600000] [id=18072]

Threads with active compile tasks:
C2 CompilerThread0  3531353 31629       4       lombok.javac.JavacAST::buildStatementOrExpression (120 bytes)
C1 CompilerThread0  3531354 31985       2       lombok.javac.handlers.HandleSetter::createSetterForField (267 bytes)
C2 CompilerThread1  3531354 31626   !   4       lombok.core.AST::buildWithField0 (121 bytes)
C2 CompilerThread2  3531354 31649       4       lombok.javac.JavacAST::buildTree (176 bytes)

VM state: at safepoint (normal execution)

VM Mutex/Monitor currently owned by a thread:  ([mutex/lock_event])
[0x000001f82575a440] Threads_lock - owner thread: 0x000001f84a34a750
[0x000001f8259806d0] Heap_lock - owner thread: 0x000001f89caf66c0

Heap address: 0x0000000700000000, size: 4096 MB, Compressed Oops mode: Zero based, Oop shift amount: 3

CDS archive(s) mapped at: [0x000001f84b000000-0x000001f84bbd0000-0x000001f84bbd0000), size 12386304, SharedBaseAddress: 0x000001f84b000000, ArchiveRelocationMode: 1.
Compressed class space mapped at: 0x000001f84c000000-0x000001f88c000000, reserved size: 1073741824
Narrow klass base: 0x000001f84b000000, Narrow klass shift: 0, Narrow klass range: 0x100000000

GC Precious Log:
 CPUs: 8 total, 8 available
 Memory: 16194M
 Large Page Support: Disabled
 NUMA Support: Disabled
 Compressed Oops: Enabled (Zero based)
 Heap Region Size: 2M
 Heap Min Capacity: 512M
 Heap Initial Capacity: 512M
 Heap Max Capacity: 4G
 Pre-touch: Disabled
 Parallel Workers: 8
 Concurrent Workers: 2
 Concurrent Refinement Workers: 8
 Periodic GC: Disabled

Heap:
 garbage-first heap   total 630784K, used 246701K [0x0000000700000000, 0x0000000800000000)
  region size 2048K, 2 young (4096K), 2 survivors (4096K)
 Metaspace       used 124965K, committed 126976K, reserved 1179648K
  class space    used 16052K, committed 17024K, reserved 1048576K

Heap Regions: E=young(eden), S=young(survivor), O=old, HS=humongous(starts), HC=humongous(continues), CS=collection set, F=free, OA=open archive, CA=closed archive, TAMS=top-at-mark-start (previous, next)
|   0|0x0000000700000000, 0x0000000700200000, 0x0000000700200000|100%|HS|  |TAMS 0x0000000700200000, 0x0000000700000000| Complete 
|   1|0x0000000700200000, 0x0000000700400000, 0x0000000700400000|100%|HC|  |TAMS 0x0000000700400000, 0x0000000700200000| Complete 
|   2|0x0000000700400000, 0x0000000700600000, 0x0000000700600000|100%| O|  |TAMS 0x0000000700600000, 0x0000000700400000| Untracked 
|   3|0x0000000700600000, 0x0000000700800000, 0x0000000700800000|100%| O|  |TAMS 0x0000000700800000, 0x0000000700600000| Untracked 
|   4|0x0000000700800000, 0x0000000700a00000, 0x0000000700a00000|100%| O|  |TAMS 0x0000000700a00000, 0x0000000700800000| Untracked 
|   5|0x0000000700a00000, 0x0000000700c00000, 0x0000000700c00000|100%| O|  |TAMS 0x0000000700c00000, 0x0000000700a00000| Untracked 
|   6|0x0000000700c00000, 0x0000000700e00000, 0x0000000700e00000|100%|HS|  |TAMS 0x0000000700e00000, 0x0000000700c00000| Complete 
|   7|0x0000000700e00000, 0x0000000701000000, 0x0000000701000000|100%|HC|  |TAMS 0x0000000701000000, 0x0000000700e00000| Complete 
|   8|0x0000000701000000, 0x0000000701200000, 0x0000000701200000|100%|HC|  |TAMS 0x0000000701200000, 0x0000000701000000| Complete 
|   9|0x0000000701200000, 0x0000000701400000, 0x0000000701400000|100%|HS|  |TAMS 0x0000000701400000, 0x0000000701200000| Complete 
|  10|0x0000000701400000, 0x0000000701600000, 0x0000000701600000|100%|HS|  |TAMS 0x0000000701600000, 0x0000000701400000| Complete 
|  11|0x0000000701600000, 0x0000000701800000, 0x0000000701800000|100%|HC|  |TAMS 0x0000000701800000, 0x0000000701600000| Complete 
|  12|0x0000000701800000, 0x0000000701a00000, 0x0000000701a00000|100%|HS|  |TAMS 0x0000000701a00000, 0x0000000701800000| Complete 
|  13|0x0000000701a00000, 0x0000000701c00000, 0x0000000701c00000|100%|HC|  |TAMS 0x0000000701c00000, 0x0000000701a00000| Complete 
|  14|0x0000000701c00000, 0x0000000701e00000, 0x0000000701e00000|100%|HC|  |TAMS 0x0000000701e00000, 0x0000000701c00000| Complete 
|  15|0x0000000701e00000, 0x0000000702000000, 0x0000000702000000|100%|HS|  |TAMS 0x0000000702000000, 0x0000000701e00000| Complete 
|  16|0x0000000702000000, 0x0000000702200000, 0x0000000702200000|100%|HS|  |TAMS 0x0000000702200000, 0x0000000702000000| Complete 
|  17|0x0000000702200000, 0x0000000702400000, 0x0000000702400000|100%|HC|  |TAMS 0x0000000702400000, 0x0000000702200000| Complete 
|  18|0x0000000702400000, 0x0000000702600000, 0x0000000702600000|100%|HS|  |TAMS 0x0000000702600000, 0x0000000702400000| Complete 
|  19|0x0000000702600000, 0x0000000702800000, 0x0000000702800000|100%|HS|  |TAMS 0x0000000702800000, 0x0000000702600000| Complete 
|  20|0x0000000702800000, 0x0000000702a00000, 0x0000000702a00000|100%|HC|  |TAMS 0x0000000702a00000, 0x0000000702800000| Complete 
|  21|0x0000000702a00000, 0x0000000702c00000, 0x0000000702c00000|100%|HC|  |TAMS 0x0000000702c00000, 0x0000000702a00000| Complete 
|  22|0x0000000702c00000, 0x0000000702e00000, 0x0000000702e00000|100%| O|  |TAMS 0x0000000702e00000, 0x0000000702c00000| Untracked 
|  23|0x0000000702e00000, 0x0000000703000000, 0x0000000703000000|100%| O|  |TAMS 0x0000000703000000, 0x0000000702e00000| Untracked 
|  24|0x0000000703000000, 0x0000000703200000, 0x0000000703200000|100%| O|  |TAMS 0x0000000703200000, 0x0000000703000000| Untracked 
|  25|0x0000000703200000, 0x0000000703400000, 0x0000000703400000|100%| O|  |TAMS 0x0000000703400000, 0x0000000703200000| Untracked 
|  26|0x0000000703400000, 0x0000000703600000, 0x0000000703600000|100%| O|  |TAMS 0x0000000703600000, 0x0000000703400000| Untracked 
|  27|0x0000000703600000, 0x0000000703800000, 0x0000000703800000|100%|HS|  |TAMS 0x0000000703800000, 0x0000000703600000| Complete 
|  28|0x0000000703800000, 0x0000000703a00000, 0x0000000703a00000|100%|HC|  |TAMS 0x0000000703a00000, 0x0000000703800000| Complete 
|  29|0x0000000703a00000, 0x0000000703c00000, 0x0000000703c00000|100%|HC|  |TAMS 0x0000000703c00000, 0x0000000703a00000| Complete 
|  30|0x0000000703c00000, 0x0000000703e00000, 0x0000000703e00000|100%|HS|  |TAMS 0x0000000703e00000, 0x0000000703c00000| Complete 
|  31|0x0000000703e00000, 0x0000000704000000, 0x0000000704000000|100%| O|  |TAMS 0x0000000704000000, 0x0000000703e00000| Untracked 
|  32|0x0000000704000000, 0x0000000704200000, 0x0000000704200000|100%| O|  |TAMS 0x0000000704200000, 0x0000000704000000| Untracked 
|  33|0x0000000704200000, 0x0000000704400000, 0x0000000704400000|100%| O|  |TAMS 0x0000000704400000, 0x0000000704200000| Untracked 
|  34|0x0000000704400000, 0x0000000704600000, 0x0000000704600000|100%| O|  |TAMS 0x0000000704600000, 0x0000000704400000| Untracked 
|  35|0x0000000704600000, 0x0000000704800000, 0x0000000704800000|100%| O|  |TAMS 0x0000000704800000, 0x0000000704600000| Untracked 
|  36|0x0000000704800000, 0x0000000704a00000, 0x0000000704a00000|100%| O|  |TAMS 0x0000000704a00000, 0x0000000704800000| Untracked 
|  37|0x0000000704a00000, 0x0000000704c00000, 0x0000000704c00000|100%| O|  |TAMS 0x0000000704c00000, 0x0000000704a00000| Untracked 
|  38|0x0000000704c00000, 0x0000000704e00000, 0x0000000704e00000|100%| O|  |TAMS 0x0000000704e00000, 0x0000000704c00000| Untracked 
|  39|0x0000000704e00000, 0x0000000705000000, 0x0000000705000000|100%| O|  |TAMS 0x0000000705000000, 0x0000000704e00000| Untracked 
|  40|0x0000000705000000, 0x0000000705200000, 0x0000000705200000|100%| O|  |TAMS 0x0000000705200000, 0x0000000705000000| Untracked 
|  41|0x0000000705200000, 0x0000000705400000, 0x0000000705400000|100%| O|  |TAMS 0x0000000705400000, 0x0000000705200000| Untracked 
|  42|0x0000000705400000, 0x0000000705600000, 0x0000000705600000|100%| O|  |TAMS 0x0000000705600000, 0x0000000705400000| Untracked 
|  43|0x0000000705600000, 0x0000000705800000, 0x0000000705800000|100%| O|  |TAMS 0x0000000705800000, 0x0000000705600000| Untracked 
|  44|0x0000000705800000, 0x0000000705a00000, 0x0000000705a00000|100%| O|  |TAMS 0x0000000705a00000, 0x0000000705800000| Untracked 
|  45|0x0000000705a00000, 0x0000000705c00000, 0x0000000705c00000|100%| O|  |TAMS 0x0000000705c00000, 0x0000000705a00000| Untracked 
|  46|0x0000000705c00000, 0x0000000705e00000, 0x0000000705e00000|100%| O|  |TAMS 0x0000000705e00000, 0x0000000705c00000| Untracked 
|  47|0x0000000705e00000, 0x0000000706000000, 0x0000000706000000|100%| O|  |TAMS 0x0000000706000000, 0x0000000705e00000| Untracked 
|  48|0x0000000706000000, 0x0000000706200000, 0x0000000706200000|100%| O|  |TAMS 0x0000000706200000, 0x0000000706000000| Untracked 
|  49|0x0000000706200000, 0x0000000706400000, 0x0000000706400000|100%| O|  |TAMS 0x0000000706400000, 0x0000000706200000| Untracked 
|  50|0x0000000706400000, 0x0000000706600000, 0x0000000706600000|100%| O|  |TAMS 0x0000000706600000, 0x0000000706400000| Untracked 
|  51|0x0000000706600000, 0x0000000706800000, 0x0000000706800000|100%| O|  |TAMS 0x0000000706600000, 0x0000000706600000| Untracked 
|  52|0x0000000706800000, 0x0000000706a00000, 0x0000000706a00000|100%| O|  |TAMS 0x0000000706a00000, 0x0000000706800000| Untracked 
|  53|0x0000000706a00000, 0x0000000706c00000, 0x0000000706c00000|100%| O|  |TAMS 0x0000000706c00000, 0x0000000706a00000| Untracked 
|  54|0x0000000706c00000, 0x0000000706e00000, 0x0000000706e00000|100%| O|  |TAMS 0x0000000706e00000, 0x0000000706c00000| Untracked 
|  55|0x0000000706e00000, 0x0000000707000000, 0x0000000707000000|100%|HS|  |TAMS 0x0000000706e00000, 0x0000000706e00000| Complete 
|  56|0x0000000707000000, 0x0000000707200000, 0x0000000707200000|100%| O|  |TAMS 0x0000000707000000, 0x0000000707000000| Untracked 
|  57|0x0000000707200000, 0x0000000707400000, 0x0000000707400000|100%| O|  |TAMS 0x0000000707400000, 0x0000000707200000| Untracked 
|  58|0x0000000707400000, 0x00000007074a3a00, 0x0000000707600000| 31%| O|  |TAMS 0x0000000707400000, 0x0000000707400000| Untracked 
|  59|0x0000000707600000, 0x0000000707800000, 0x0000000707800000|100%| O|  |TAMS 0x0000000707600000, 0x0000000707600000| Untracked 
|  60|0x0000000707800000, 0x0000000707a00000, 0x0000000707a00000|100%| O|  |TAMS 0x0000000707a00000, 0x0000000707800000| Untracked 
|  61|0x0000000707a00000, 0x0000000707c00000, 0x0000000707c00000|100%| O|  |TAMS 0x0000000707c00000, 0x0000000707a00000| Untracked 
|  62|0x0000000707c00000, 0x0000000707e00000, 0x0000000707e00000|100%| O|  |TAMS 0x0000000707e00000, 0x0000000707c00000| Untracked 
|  63|0x0000000707e00000, 0x0000000708000000, 0x0000000708000000|100%| O|  |TAMS 0x0000000708000000, 0x0000000707e00000| Untracked 
|  64|0x0000000708000000, 0x0000000708200000, 0x0000000708200000|100%| O|  |TAMS 0x0000000708200000, 0x0000000708000000| Untracked 
|  65|0x0000000708200000, 0x0000000708400000, 0x0000000708400000|100%| O|  |TAMS 0x0000000708400000, 0x0000000708200000| Untracked 
|  66|0x0000000708400000, 0x0000000708600000, 0x0000000708600000|100%| O|  |TAMS 0x0000000708600000, 0x0000000708400000| Untracked 
|  67|0x0000000708600000, 0x0000000708800000, 0x0000000708800000|100%| O|  |TAMS 0x0000000708800000, 0x0000000708600000| Untracked 
|  68|0x0000000708800000, 0x0000000708a00000, 0x0000000708a00000|100%| O|  |TAMS 0x0000000708a00000, 0x0000000708800000| Untracked 
|  69|0x0000000708a00000, 0x0000000708c00000, 0x0000000708c00000|100%| O|  |TAMS 0x0000000708c00000, 0x0000000708a00000| Untracked 
|  70|0x0000000708c00000, 0x0000000708e00000, 0x0000000708e00000|100%| O|  |TAMS 0x0000000708e00000, 0x0000000708c00000| Untracked 
|  71|0x0000000708e00000, 0x0000000709000000, 0x0000000709000000|100%| O|  |TAMS 0x0000000709000000, 0x0000000708e00000| Untracked 
|  72|0x0000000709000000, 0x0000000709200000, 0x0000000709200000|100%| O|  |TAMS 0x0000000709200000, 0x0000000709000000| Untracked 
|  73|0x0000000709200000, 0x0000000709200000, 0x0000000709400000|  0%| F|  |TAMS 0x0000000709200000, 0x0000000709200000| Untracked 
|  74|0x0000000709400000, 0x0000000709400000, 0x0000000709600000|  0%| F|  |TAMS 0x0000000709400000, 0x0000000709400000| Untracked 
|  75|0x0000000709600000, 0x0000000709600000, 0x0000000709800000|  0%| F|  |TAMS 0x0000000709600000, 0x0000000709600000| Untracked 
|  76|0x0000000709800000, 0x0000000709800000, 0x0000000709a00000|  0%| F|  |TAMS 0x0000000709800000, 0x0000000709800000| Untracked 
|  77|0x0000000709a00000, 0x0000000709a00000, 0x0000000709c00000|  0%| F|  |TAMS 0x0000000709a00000, 0x0000000709a00000| Untracked 
|  78|0x0000000709c00000, 0x0000000709c00000, 0x0000000709e00000|  0%| F|  |TAMS 0x0000000709c00000, 0x0000000709c00000| Untracked 
|  79|0x0000000709e00000, 0x0000000709e00000, 0x000000070a000000|  0%| F|  |TAMS 0x0000000709e00000, 0x0000000709e00000| Untracked 
|  80|0x000000070a000000, 0x000000070a000000, 0x000000070a200000|  0%| F|  |TAMS 0x000000070a000000, 0x000000070a000000| Untracked 
|  81|0x000000070a200000, 0x000000070a400000, 0x000000070a400000|100%| O|  |TAMS 0x000000070a400000, 0x000000070a200000| Untracked 
|  82|0x000000070a400000, 0x000000070a400000, 0x000000070a600000|  0%| F|  |TAMS 0x000000070a400000, 0x000000070a400000| Untracked 
|  83|0x000000070a600000, 0x000000070a600000, 0x000000070a800000|  0%| F|  |TAMS 0x000000070a600000, 0x000000070a600000| Untracked 
|  84|0x000000070a800000, 0x000000070aa00000, 0x000000070aa00000|100%| O|  |TAMS 0x000000070aa00000, 0x000000070a800000| Untracked 
|  85|0x000000070aa00000, 0x000000070ac00000, 0x000000070ac00000|100%| O|  |TAMS 0x000000070ac00000, 0x000000070aa00000| Untracked 
|  86|0x000000070ac00000, 0x000000070ae00000, 0x000000070ae00000|100%| O|  |TAMS 0x000000070ae00000, 0x000000070ac00000| Untracked 
|  87|0x000000070ae00000, 0x000000070b000000, 0x000000070b000000|100%| O|  |TAMS 0x000000070b000000, 0x000000070ae00000| Untracked 
|  88|0x000000070b000000, 0x000000070b200000, 0x000000070b200000|100%| O|  |TAMS 0x000000070b200000, 0x000000070b000000| Untracked 
|  89|0x000000070b200000, 0x000000070b400000, 0x000000070b400000|100%| O|  |TAMS 0x000000070b400000, 0x000000070b200000| Untracked 
|  90|0x000000070b400000, 0x000000070b600000, 0x000000070b600000|100%| O|  |TAMS 0x000000070b600000, 0x000000070b400000| Untracked 
|  91|0x000000070b600000, 0x000000070b800000, 0x000000070b800000|100%| O|  |TAMS 0x000000070b800000, 0x000000070b600000| Untracked 
|  92|0x000000070b800000, 0x000000070b800000, 0x000000070ba00000|  0%| F|  |TAMS 0x000000070b800000, 0x000000070b800000| Untracked 
|  93|0x000000070ba00000, 0x000000070bc00000, 0x000000070bc00000|100%| O|  |TAMS 0x000000070bc00000, 0x000000070ba00000| Untracked 
|  94|0x000000070bc00000, 0x000000070be00000, 0x000000070be00000|100%| O|  |TAMS 0x000000070be00000, 0x000000070bc00000| Untracked 
|  95|0x000000070be00000, 0x000000070be00000, 0x000000070c000000|  0%| F|  |TAMS 0x000000070be00000, 0x000000070be00000| Untracked 
|  96|0x000000070c000000, 0x000000070c000000, 0x000000070c200000|  0%| F|  |TAMS 0x000000070c000000, 0x000000070c000000| Untracked 
|  97|0x000000070c200000, 0x000000070c200000, 0x000000070c400000|  0%| F|  |TAMS 0x000000070c200000, 0x000000070c200000| Untracked 
|  98|0x000000070c400000, 0x000000070c400000, 0x000000070c600000|  0%| F|  |TAMS 0x000000070c400000, 0x000000070c400000| Untracked 
|  99|0x000000070c600000, 0x000000070c600000, 0x000000070c800000|  0%| F|  |TAMS 0x000000070c600000, 0x000000070c600000| Untracked 
| 100|0x000000070c800000, 0x000000070c800000, 0x000000070ca00000|  0%| F|  |TAMS 0x000000070c800000, 0x000000070c800000| Untracked 
| 101|0x000000070ca00000, 0x000000070ca00000, 0x000000070cc00000|  0%| F|  |TAMS 0x000000070ca00000, 0x000000070ca00000| Untracked 
| 102|0x000000070cc00000, 0x000000070cc00000, 0x000000070ce00000|  0%| F|  |TAMS 0x000000070cc00000, 0x000000070cc00000| Untracked 
| 103|0x000000070ce00000, 0x000000070ce00000, 0x000000070d000000|  0%| F|  |TAMS 0x000000070ce00000, 0x000000070ce00000| Untracked 
| 104|0x000000070d000000, 0x000000070d000000, 0x000000070d200000|  0%| F|  |TAMS 0x000000070d000000, 0x000000070d000000| Untracked 
| 105|0x000000070d200000, 0x000000070d200000, 0x000000070d400000|  0%| F|  |TAMS 0x000000070d200000, 0x000000070d200000| Untracked 
| 106|0x000000070d400000, 0x000000070d400000, 0x000000070d600000|  0%| F|  |TAMS 0x000000070d400000, 0x000000070d400000| Untracked 
| 107|0x000000070d600000, 0x000000070d600000, 0x000000070d800000|  0%| F|  |TAMS 0x000000070d600000, 0x000000070d600000| Untracked 
| 108|0x000000070d800000, 0x000000070d800000, 0x000000070da00000|  0%| F|  |TAMS 0x000000070d800000, 0x000000070d800000| Untracked 
| 109|0x000000070da00000, 0x000000070da00000, 0x000000070dc00000|  0%| F|  |TAMS 0x000000070da00000, 0x000000070da00000| Untracked 
| 110|0x000000070dc00000, 0x000000070dc00000, 0x000000070de00000|  0%| F|  |TAMS 0x000000070dc00000, 0x000000070dc00000| Untracked 
| 111|0x000000070de00000, 0x000000070de00000, 0x000000070e000000|  0%| F|  |TAMS 0x000000070de00000, 0x000000070de00000| Untracked 
| 112|0x000000070e000000, 0x000000070e000000, 0x000000070e200000|  0%| F|  |TAMS 0x000000070e000000, 0x000000070e000000| Untracked 
| 113|0x000000070e200000, 0x000000070e200000, 0x000000070e400000|  0%| F|  |TAMS 0x000000070e200000, 0x000000070e200000| Untracked 
| 114|0x000000070e400000, 0x000000070e600000, 0x000000070e600000|100%| O|  |TAMS 0x000000070e400000, 0x000000070e400000| Untracked 
| 115|0x000000070e600000, 0x000000070e800000, 0x000000070e800000|100%| O|  |TAMS 0x000000070e800000, 0x000000070e600000| Untracked 
| 116|0x000000070e800000, 0x000000070ea00000, 0x000000070ea00000|100%| O|  |TAMS 0x000000070ea00000, 0x000000070e800000| Untracked 
| 117|0x000000070ea00000, 0x000000070ec00000, 0x000000070ec00000|100%| O|  |TAMS 0x000000070ec00000, 0x000000070ea00000| Untracked 
| 118|0x000000070ec00000, 0x000000070ee00000, 0x000000070ee00000|100%| O|  |TAMS 0x000000070ee00000, 0x000000070ec00000| Untracked 
| 119|0x000000070ee00000, 0x000000070f000000, 0x000000070f000000|100%| O|  |TAMS 0x000000070f000000, 0x000000070ee00000| Untracked 
| 120|0x000000070f000000, 0x000000070f200000, 0x000000070f200000|100%| O|  |TAMS 0x000000070f200000, 0x000000070f000000| Untracked 
| 121|0x000000070f200000, 0x000000070f400000, 0x000000070f400000|100%| O|  |TAMS 0x000000070f400000, 0x000000070f200000| Untracked 
| 122|0x000000070f400000, 0x000000070f600000, 0x000000070f600000|100%| O|  |TAMS 0x000000070f600000, 0x000000070f400000| Untracked 
| 123|0x000000070f600000, 0x000000070f800000, 0x000000070f800000|100%| O|  |TAMS 0x000000070f800000, 0x000000070f600000| Untracked 
| 124|0x000000070f800000, 0x000000070fa00000, 0x000000070fa00000|100%| O|  |TAMS 0x000000070fa00000, 0x000000070f800000| Untracked 
| 125|0x000000070fa00000, 0x000000070fa00000, 0x000000070fc00000|  0%| F|  |TAMS 0x000000070fa00000, 0x000000070fa00000| Untracked 
| 126|0x000000070fc00000, 0x000000070fe00000, 0x000000070fe00000|100%| O|  |TAMS 0x000000070fc00000, 0x000000070fc00000| Untracked 
| 127|0x000000070fe00000, 0x000000070fe00000, 0x0000000710000000|  0%| F|  |TAMS 0x000000070fe00000, 0x000000070fe00000| Untracked 
| 128|0x0000000710000000, 0x0000000710000000, 0x0000000710200000|  0%| F|  |TAMS 0x0000000710000000, 0x0000000710000000| Untracked 
| 129|0x0000000710200000, 0x0000000710400000, 0x0000000710400000|100%| O|  |TAMS 0x0000000710400000, 0x0000000710200000| Untracked 
| 130|0x0000000710400000, 0x0000000710400000, 0x0000000710600000|  0%| F|  |TAMS 0x0000000710400000, 0x0000000710400000| Untracked 
| 131|0x0000000710600000, 0x0000000710800000, 0x0000000710800000|100%| O|  |TAMS 0x000000071064c600, 0x0000000710600000| Untracked 
| 132|0x0000000710800000, 0x0000000710a00000, 0x0000000710a00000|100%| O|  |TAMS 0x0000000710800000, 0x0000000710800000| Untracked 
| 133|0x0000000710a00000, 0x0000000710c00000, 0x0000000710c00000|100%| O|  |TAMS 0x0000000710a00000, 0x0000000710a00000| Untracked 
| 134|0x0000000710c00000, 0x0000000710e00000, 0x0000000710e00000|100%| O|  |TAMS 0x0000000710c00000, 0x0000000710c00000| Untracked 
| 135|0x0000000710e00000, 0x0000000711000000, 0x0000000711000000|100%| O|  |TAMS 0x0000000710e00000, 0x0000000710e00000| Untracked 
| 136|0x0000000711000000, 0x0000000711200000, 0x0000000711200000|100%| O|  |TAMS 0x0000000711000000, 0x0000000711000000| Untracked 
| 137|0x0000000711200000, 0x0000000711400000, 0x0000000711400000|100%| O|  |TAMS 0x0000000711200000, 0x0000000711200000| Untracked 
| 138|0x0000000711400000, 0x0000000711600000, 0x0000000711600000|100%| O|  |TAMS 0x0000000711400000, 0x0000000711400000| Untracked 
| 139|0x0000000711600000, 0x0000000711800000, 0x0000000711800000|100%| O|  |TAMS 0x0000000711600000, 0x0000000711600000| Untracked 
| 140|0x0000000711800000, 0x0000000711a00000, 0x0000000711a00000|100%| O|  |TAMS 0x0000000711800000, 0x0000000711800000| Untracked 
| 141|0x0000000711a00000, 0x0000000711c00000, 0x0000000711c00000|100%| O|  |TAMS 0x0000000711a00000, 0x0000000711a00000| Untracked 
| 142|0x0000000711c00000, 0x0000000711e00000, 0x0000000711e00000|100%| O|  |TAMS 0x0000000711c00000, 0x0000000711c00000| Untracked 
| 143|0x0000000711e00000, 0x0000000712000000, 0x0000000712000000|100%| O|  |TAMS 0x0000000711e00000, 0x0000000711e00000| Untracked 
| 144|0x0000000712000000, 0x0000000712200000, 0x0000000712200000|100%| O|  |TAMS 0x0000000712000000, 0x0000000712000000| Untracked 
| 145|0x0000000712200000, 0x0000000712400000, 0x0000000712400000|100%| O|  |TAMS 0x0000000712200000, 0x0000000712200000| Untracked 
| 146|0x0000000712400000, 0x0000000712600000, 0x0000000712600000|100%| O|  |TAMS 0x0000000712400000, 0x0000000712400000| Untracked 
| 147|0x0000000712600000, 0x0000000712800000, 0x0000000712800000|100%| O|  |TAMS 0x0000000712600000, 0x0000000712600000| Untracked 
| 148|0x0000000712800000, 0x0000000712a00000, 0x0000000712a00000|100%| O|  |TAMS 0x0000000712800000, 0x0000000712800000| Untracked 
| 149|0x0000000712a00000, 0x0000000712c00000, 0x0000000712c00000|100%| O|  |TAMS 0x0000000712a00000, 0x0000000712a00000| Untracked 
| 150|0x0000000712c00000, 0x0000000712e00000, 0x0000000712e00000|100%| O|  |TAMS 0x0000000712c00000, 0x0000000712c00000| Untracked 
| 151|0x0000000712e00000, 0x0000000713000000, 0x0000000713000000|100%| O|  |TAMS 0x0000000712e00000, 0x0000000712e00000| Untracked 
| 152|0x0000000713000000, 0x0000000713200000, 0x0000000713200000|100%| O|  |TAMS 0x0000000713000000, 0x0000000713000000| Untracked 
| 153|0x0000000713200000, 0x0000000713400000, 0x0000000713400000|100%| O|  |TAMS 0x0000000713200000, 0x0000000713200000| Untracked 
| 154|0x0000000713400000, 0x0000000713400000, 0x0000000713600000|  0%| F|  |TAMS 0x0000000713400000, 0x0000000713400000| Untracked 
| 155|0x0000000713600000, 0x0000000713600000, 0x0000000713800000|  0%| F|  |TAMS 0x0000000713600000, 0x0000000713600000| Untracked 
| 156|0x0000000713800000, 0x0000000713800000, 0x0000000713a00000|  0%| F|  |TAMS 0x0000000713800000, 0x0000000713800000| Untracked 
| 157|0x0000000713a00000, 0x0000000713a00000, 0x0000000713c00000|  0%| F|  |TAMS 0x0000000713a00000, 0x0000000713a00000| Untracked 
| 158|0x0000000713c00000, 0x0000000713c00000, 0x0000000713e00000|  0%| F|  |TAMS 0x0000000713c00000, 0x0000000713c00000| Untracked 
| 159|0x0000000713e00000, 0x0000000713e00000, 0x0000000714000000|  0%| F|  |TAMS 0x0000000713e00000, 0x0000000713e00000| Untracked 
| 160|0x0000000714000000, 0x0000000714000000, 0x0000000714200000|  0%| F|  |TAMS 0x0000000714000000, 0x0000000714000000| Untracked 
| 161|0x0000000714200000, 0x0000000714200000, 0x0000000714400000|  0%| F|  |TAMS 0x0000000714200000, 0x0000000714200000| Untracked 
| 162|0x0000000714400000, 0x0000000714400000, 0x0000000714600000|  0%| F|  |TAMS 0x0000000714400000, 0x0000000714400000| Untracked 
| 163|0x0000000714600000, 0x0000000714600000, 0x0000000714800000|  0%| F|  |TAMS 0x0000000714600000, 0x0000000714600000| Untracked 
| 164|0x0000000714800000, 0x0000000714800000, 0x0000000714a00000|  0%| F|  |TAMS 0x0000000714800000, 0x0000000714800000| Untracked 
| 165|0x0000000714a00000, 0x0000000714a00000, 0x0000000714c00000|  0%| F|  |TAMS 0x0000000714a00000, 0x0000000714a00000| Untracked 
| 166|0x0000000714c00000, 0x0000000714c00000, 0x0000000714e00000|  0%| F|  |TAMS 0x0000000714c00000, 0x0000000714c00000| Untracked 
| 167|0x0000000714e00000, 0x0000000714e00000, 0x0000000715000000|  0%| F|  |TAMS 0x0000000714e00000, 0x0000000714e00000| Untracked 
| 168|0x0000000715000000, 0x0000000715000000, 0x0000000715200000|  0%| F|  |TAMS 0x0000000715000000, 0x0000000715000000| Untracked 
| 169|0x0000000715200000, 0x0000000715200000, 0x0000000715400000|  0%| F|  |TAMS 0x0000000715200000, 0x0000000715200000| Untracked 
| 170|0x0000000715400000, 0x0000000715400000, 0x0000000715600000|  0%| F|  |TAMS 0x0000000715400000, 0x0000000715400000| Untracked 
| 171|0x0000000715600000, 0x0000000715600000, 0x0000000715800000|  0%| F|  |TAMS 0x0000000715600000, 0x0000000715600000| Untracked 
| 172|0x0000000715800000, 0x0000000715800000, 0x0000000715a00000|  0%| F|  |TAMS 0x0000000715800000, 0x0000000715800000| Untracked 
| 173|0x0000000715a00000, 0x0000000715a00000, 0x0000000715c00000|  0%| F|  |TAMS 0x0000000715a00000, 0x0000000715a00000| Untracked 
| 174|0x0000000715c00000, 0x0000000715c00000, 0x0000000715e00000|  0%| F|  |TAMS 0x0000000715c00000, 0x0000000715c00000| Untracked 
| 175|0x0000000715e00000, 0x0000000715e00000, 0x0000000716000000|  0%| F|  |TAMS 0x0000000715e00000, 0x0000000715e00000| Untracked 
| 176|0x0000000716000000, 0x0000000716000000, 0x0000000716200000|  0%| F|  |TAMS 0x0000000716000000, 0x0000000716000000| Untracked 
| 177|0x0000000716200000, 0x0000000716200000, 0x0000000716400000|  0%| F|  |TAMS 0x0000000716200000, 0x0000000716200000| Untracked 
| 178|0x0000000716400000, 0x0000000716400000, 0x0000000716600000|  0%| F|  |TAMS 0x0000000716400000, 0x0000000716400000| Untracked 
| 179|0x0000000716600000, 0x0000000716600000, 0x0000000716800000|  0%| F|  |TAMS 0x0000000716600000, 0x0000000716600000| Untracked 
| 180|0x0000000716800000, 0x0000000716800000, 0x0000000716a00000|  0%| F|  |TAMS 0x0000000716800000, 0x0000000716800000| Untracked 
| 181|0x0000000716a00000, 0x0000000716a00000, 0x0000000716c00000|  0%| F|  |TAMS 0x0000000716a00000, 0x0000000716a00000| Untracked 
| 182|0x0000000716c00000, 0x0000000716c00000, 0x0000000716e00000|  0%| F|  |TAMS 0x0000000716c00000, 0x0000000716c00000| Untracked 
| 183|0x0000000716e00000, 0x0000000716e00000, 0x0000000717000000|  0%| F|  |TAMS 0x0000000716e00000, 0x0000000716e00000| Untracked 
| 184|0x0000000717000000, 0x0000000717000000, 0x0000000717200000|  0%| F|  |TAMS 0x0000000717000000, 0x0000000717000000| Untracked 
| 185|0x0000000717200000, 0x0000000717200000, 0x0000000717400000|  0%| F|  |TAMS 0x0000000717200000, 0x0000000717200000| Untracked 
| 186|0x0000000717400000, 0x0000000717400000, 0x0000000717600000|  0%| F|  |TAMS 0x0000000717400000, 0x0000000717400000| Untracked 
| 187|0x0000000717600000, 0x0000000717600000, 0x0000000717800000|  0%| F|  |TAMS 0x0000000717600000, 0x0000000717600000| Untracked 
| 188|0x0000000717800000, 0x0000000717800000, 0x0000000717a00000|  0%| F|  |TAMS 0x0000000717800000, 0x0000000717800000| Untracked 
| 189|0x0000000717a00000, 0x0000000717a00000, 0x0000000717c00000|  0%| F|  |TAMS 0x0000000717a00000, 0x0000000717a00000| Untracked 
| 190|0x0000000717c00000, 0x0000000717c00000, 0x0000000717e00000|  0%| F|  |TAMS 0x0000000717c00000, 0x0000000717c00000| Untracked 
| 191|0x0000000717e00000, 0x0000000717e00000, 0x0000000718000000|  0%| F|  |TAMS 0x0000000717e00000, 0x0000000717e00000| Untracked 
| 192|0x0000000718000000, 0x0000000718000000, 0x0000000718200000|  0%| F|  |TAMS 0x0000000718000000, 0x0000000718000000| Untracked 
| 193|0x0000000718200000, 0x0000000718200000, 0x0000000718400000|  0%| F|  |TAMS 0x0000000718200000, 0x0000000718200000| Untracked 
| 194|0x0000000718400000, 0x0000000718400000, 0x0000000718600000|  0%| F|  |TAMS 0x0000000718400000, 0x0000000718400000| Untracked 
| 195|0x0000000718600000, 0x0000000718600000, 0x0000000718800000|  0%| F|  |TAMS 0x0000000718600000, 0x0000000718600000| Untracked 
| 196|0x0000000718800000, 0x0000000718800000, 0x0000000718a00000|  0%| F|  |TAMS 0x0000000718800000, 0x0000000718800000| Untracked 
| 197|0x0000000718a00000, 0x0000000718a00000, 0x0000000718c00000|  0%| F|  |TAMS 0x0000000718a00000, 0x0000000718a00000| Untracked 
| 198|0x0000000718c00000, 0x0000000718c00000, 0x0000000718e00000|  0%| F|  |TAMS 0x0000000718c00000, 0x0000000718c00000| Untracked 
| 199|0x0000000718e00000, 0x0000000718e00000, 0x0000000719000000|  0%| F|  |TAMS 0x0000000718e00000, 0x0000000718e00000| Untracked 
| 200|0x0000000719000000, 0x0000000719000000, 0x0000000719200000|  0%| F|  |TAMS 0x0000000719000000, 0x0000000719000000| Untracked 
| 201|0x0000000719200000, 0x0000000719200000, 0x0000000719400000|  0%| F|  |TAMS 0x0000000719200000, 0x0000000719200000| Untracked 
| 202|0x0000000719400000, 0x0000000719400000, 0x0000000719600000|  0%| F|  |TAMS 0x0000000719400000, 0x0000000719400000| Untracked 
| 203|0x0000000719600000, 0x0000000719600000, 0x0000000719800000|  0%| F|  |TAMS 0x0000000719600000, 0x0000000719600000| Untracked 
| 204|0x0000000719800000, 0x0000000719800000, 0x0000000719a00000|  0%| F|  |TAMS 0x0000000719800000, 0x0000000719800000| Untracked 
| 205|0x0000000719a00000, 0x0000000719a00000, 0x0000000719c00000|  0%| F|  |TAMS 0x0000000719a00000, 0x0000000719a00000| Untracked 
| 206|0x0000000719c00000, 0x0000000719c00000, 0x0000000719e00000|  0%| F|  |TAMS 0x0000000719c00000, 0x0000000719c00000| Untracked 
| 207|0x0000000719e00000, 0x0000000719e00000, 0x000000071a000000|  0%| F|  |TAMS 0x0000000719e00000, 0x0000000719e00000| Untracked 
| 208|0x000000071a000000, 0x000000071a000000, 0x000000071a200000|  0%| F|  |TAMS 0x000000071a000000, 0x000000071a000000| Untracked 
| 209|0x000000071a200000, 0x000000071a200000, 0x000000071a400000|  0%| F|  |TAMS 0x000000071a200000, 0x000000071a200000| Untracked 
| 210|0x000000071a400000, 0x000000071a400000, 0x000000071a600000|  0%| F|  |TAMS 0x000000071a400000, 0x000000071a400000| Untracked 
| 211|0x000000071a600000, 0x000000071a600000, 0x000000071a800000|  0%| F|  |TAMS 0x000000071a600000, 0x000000071a600000| Untracked 
| 212|0x000000071a800000, 0x000000071a800000, 0x000000071aa00000|  0%| F|  |TAMS 0x000000071a800000, 0x000000071a800000| Untracked 
| 213|0x000000071aa00000, 0x000000071aa00000, 0x000000071ac00000|  0%| F|  |TAMS 0x000000071aa00000, 0x000000071aa00000| Untracked 
| 214|0x000000071ac00000, 0x000000071ac00000, 0x000000071ae00000|  0%| F|  |TAMS 0x000000071ac00000, 0x000000071ac00000| Untracked 
| 215|0x000000071ae00000, 0x000000071ae00000, 0x000000071b000000|  0%| F|  |TAMS 0x000000071ae00000, 0x000000071ae00000| Untracked 
| 216|0x000000071b000000, 0x000000071b000000, 0x000000071b200000|  0%| F|  |TAMS 0x000000071b000000, 0x000000071b000000| Untracked 
| 217|0x000000071b200000, 0x000000071b200000, 0x000000071b400000|  0%| F|  |TAMS 0x000000071b200000, 0x000000071b200000| Untracked 
| 218|0x000000071b400000, 0x000000071b400000, 0x000000071b600000|  0%| F|  |TAMS 0x000000071b400000, 0x000000071b400000| Untracked 
| 219|0x000000071b600000, 0x000000071b600000, 0x000000071b800000|  0%| F|  |TAMS 0x000000071b600000, 0x000000071b600000| Untracked 
| 220|0x000000071b800000, 0x000000071b800000, 0x000000071ba00000|  0%| F|  |TAMS 0x000000071b800000, 0x000000071b800000| Untracked 
| 221|0x000000071ba00000, 0x000000071ba00000, 0x000000071bc00000|  0%| F|  |TAMS 0x000000071ba00000, 0x000000071ba00000| Untracked 
| 222|0x000000071bc00000, 0x000000071bc00000, 0x000000071be00000|  0%| F|  |TAMS 0x000000071bc00000, 0x000000071bc00000| Untracked 
| 223|0x000000071be00000, 0x000000071be00000, 0x000000071c000000|  0%| F|  |TAMS 0x000000071be00000, 0x000000071be00000| Untracked 
| 224|0x000000071c000000, 0x000000071c000000, 0x000000071c200000|  0%| F|  |TAMS 0x000000071c000000, 0x000000071c000000| Untracked 
| 225|0x000000071c200000, 0x000000071c200000, 0x000000071c400000|  0%| F|  |TAMS 0x000000071c200000, 0x000000071c200000| Untracked 
| 226|0x000000071c400000, 0x000000071c400000, 0x000000071c600000|  0%| F|  |TAMS 0x000000071c400000, 0x000000071c400000| Untracked 
| 227|0x000000071c600000, 0x000000071c600000, 0x000000071c800000|  0%| F|  |TAMS 0x000000071c600000, 0x000000071c600000| Untracked 
| 228|0x000000071c800000, 0x000000071c800000, 0x000000071ca00000|  0%| F|  |TAMS 0x000000071c800000, 0x000000071c800000| Untracked 
| 229|0x000000071ca00000, 0x000000071ca00000, 0x000000071cc00000|  0%| F|  |TAMS 0x000000071ca00000, 0x000000071ca00000| Untracked 
| 230|0x000000071cc00000, 0x000000071cc00000, 0x000000071ce00000|  0%| F|  |TAMS 0x000000071cc00000, 0x000000071cc00000| Untracked 
| 231|0x000000071ce00000, 0x000000071ce00000, 0x000000071d000000|  0%| F|  |TAMS 0x000000071ce00000, 0x000000071ce00000| Untracked 
| 232|0x000000071d000000, 0x000000071d000000, 0x000000071d200000|  0%| F|  |TAMS 0x000000071d000000, 0x000000071d000000| Untracked 
| 233|0x000000071d200000, 0x000000071d200000, 0x000000071d400000|  0%| F|  |TAMS 0x000000071d200000, 0x000000071d200000| Untracked 
| 234|0x000000071d400000, 0x000000071d400000, 0x000000071d600000|  0%| F|  |TAMS 0x000000071d400000, 0x000000071d400000| Untracked 
| 235|0x000000071d600000, 0x000000071d600000, 0x000000071d800000|  0%| F|  |TAMS 0x000000071d600000, 0x000000071d600000| Untracked 
| 236|0x000000071d800000, 0x000000071d800000, 0x000000071da00000|  0%| F|  |TAMS 0x000000071d800000, 0x000000071d800000| Untracked 
| 237|0x000000071da00000, 0x000000071da00000, 0x000000071dc00000|  0%| F|  |TAMS 0x000000071da00000, 0x000000071da00000| Untracked 
| 238|0x000000071dc00000, 0x000000071dc00000, 0x000000071de00000|  0%| F|  |TAMS 0x000000071dc00000, 0x000000071dc00000| Untracked 
| 239|0x000000071de00000, 0x000000071de00000, 0x000000071e000000|  0%| F|  |TAMS 0x000000071de00000, 0x000000071de00000| Untracked 
| 240|0x000000071e000000, 0x000000071e000000, 0x000000071e200000|  0%| F|  |TAMS 0x000000071e000000, 0x000000071e000000| Untracked 
| 241|0x000000071e200000, 0x000000071e200000, 0x000000071e400000|  0%| F|  |TAMS 0x000000071e200000, 0x000000071e200000| Untracked 
| 242|0x000000071e400000, 0x000000071e400000, 0x000000071e600000|  0%| F|  |TAMS 0x000000071e400000, 0x000000071e400000| Untracked 
| 243|0x000000071e600000, 0x000000071e600000, 0x000000071e800000|  0%| F|  |TAMS 0x000000071e600000, 0x000000071e600000| Untracked 
| 244|0x000000071e800000, 0x000000071e800000, 0x000000071ea00000|  0%| F|  |TAMS 0x000000071e800000, 0x000000071e800000| Untracked 
| 245|0x000000071ea00000, 0x000000071ea00000, 0x000000071ec00000|  0%| F|  |TAMS 0x000000071ea00000, 0x000000071ea00000| Untracked 
| 246|0x000000071ec00000, 0x000000071ec00000, 0x000000071ee00000|  0%| F|  |TAMS 0x000000071ec00000, 0x000000071ec00000| Untracked 
| 247|0x000000071ee00000, 0x000000071ee00000, 0x000000071f000000|  0%| F|  |TAMS 0x000000071ee00000, 0x000000071ee00000| Untracked 
| 248|0x000000071f000000, 0x000000071f000000, 0x000000071f200000|  0%| F|  |TAMS 0x000000071f000000, 0x000000071f000000| Untracked 
| 249|0x000000071f200000, 0x000000071f200000, 0x000000071f400000|  0%| F|  |TAMS 0x000000071f200000, 0x000000071f200000| Untracked 
| 250|0x000000071f400000, 0x000000071f400000, 0x000000071f600000|  0%| F|  |TAMS 0x000000071f400000, 0x000000071f400000| Untracked 
| 251|0x000000071f600000, 0x000000071f600000, 0x000000071f800000|  0%| F|  |TAMS 0x000000071f600000, 0x000000071f600000| Untracked 
| 252|0x000000071f800000, 0x000000071f800000, 0x000000071fa00000|  0%| F|  |TAMS 0x000000071f800000, 0x000000071f800000| Untracked 
| 253|0x000000071fa00000, 0x000000071fa00000, 0x000000071fc00000|  0%| F|  |TAMS 0x000000071fa00000, 0x000000071fa00000| Untracked 
| 254|0x000000071fc00000, 0x000000071fc00000, 0x000000071fe00000|  0%| F|  |TAMS 0x000000071fc00000, 0x000000071fc00000| Untracked 
| 255|0x000000071fe00000, 0x000000071fe00000, 0x0000000720000000|  0%| F|  |TAMS 0x000000071fe00000, 0x000000071fe00000| Untracked 
| 256|0x0000000720000000, 0x0000000720000000, 0x0000000720200000|  0%| F|  |TAMS 0x0000000720000000, 0x0000000720000000| Untracked 
| 257|0x0000000720200000, 0x0000000720200000, 0x0000000720400000|  0%| F|  |TAMS 0x0000000720200000, 0x0000000720200000| Untracked 
| 258|0x0000000720400000, 0x0000000720400000, 0x0000000720600000|  0%| F|  |TAMS 0x0000000720400000, 0x0000000720400000| Untracked 
| 259|0x0000000720600000, 0x0000000720600000, 0x0000000720800000|  0%| F|  |TAMS 0x0000000720600000, 0x0000000720600000| Untracked 
| 260|0x0000000720800000, 0x0000000720800000, 0x0000000720a00000|  0%| F|  |TAMS 0x0000000720800000, 0x0000000720800000| Untracked 
| 261|0x0000000720a00000, 0x0000000720a00000, 0x0000000720c00000|  0%| F|  |TAMS 0x0000000720a00000, 0x0000000720a00000| Untracked 
| 262|0x0000000720c00000, 0x0000000720c00000, 0x0000000720e00000|  0%| F|  |TAMS 0x0000000720c00000, 0x0000000720c00000| Untracked 
| 263|0x0000000720e00000, 0x0000000720e00000, 0x0000000721000000|  0%| F|  |TAMS 0x0000000720e00000, 0x0000000720e00000| Untracked 
| 264|0x0000000721000000, 0x0000000721000000, 0x0000000721200000|  0%| F|  |TAMS 0x0000000721000000, 0x0000000721000000| Untracked 
| 265|0x0000000721200000, 0x0000000721200000, 0x0000000721400000|  0%| F|  |TAMS 0x0000000721200000, 0x0000000721200000| Untracked 
| 266|0x0000000721400000, 0x0000000721400000, 0x0000000721600000|  0%| F|  |TAMS 0x0000000721400000, 0x0000000721400000| Untracked 
| 267|0x0000000721600000, 0x0000000721600000, 0x0000000721800000|  0%| F|  |TAMS 0x0000000721600000, 0x0000000721600000| Untracked 
| 268|0x0000000721800000, 0x0000000721800000, 0x0000000721a00000|  0%| F|  |TAMS 0x0000000721800000, 0x0000000721800000| Untracked 
| 269|0x0000000721a00000, 0x0000000721a00000, 0x0000000721c00000|  0%| F|  |TAMS 0x0000000721a00000, 0x0000000721a00000| Untracked 
| 270|0x0000000721c00000, 0x0000000721c00000, 0x0000000721e00000|  0%| F|  |TAMS 0x0000000721c00000, 0x0000000721c00000| Untracked 
| 271|0x0000000721e00000, 0x0000000721e00000, 0x0000000722000000|  0%| F|  |TAMS 0x0000000721e00000, 0x0000000721e00000| Untracked 
| 272|0x0000000722000000, 0x0000000722000000, 0x0000000722200000|  0%| F|  |TAMS 0x0000000722000000, 0x0000000722000000| Untracked 
| 273|0x0000000722200000, 0x0000000722200000, 0x0000000722400000|  0%| F|  |TAMS 0x0000000722200000, 0x0000000722200000| Untracked 
| 274|0x0000000722400000, 0x0000000722400000, 0x0000000722600000|  0%| F|  |TAMS 0x0000000722400000, 0x0000000722400000| Untracked 
| 275|0x0000000722600000, 0x0000000722600000, 0x0000000722800000|  0%| F|  |TAMS 0x0000000722600000, 0x0000000722600000| Untracked 
| 276|0x0000000722800000, 0x0000000722800000, 0x0000000722a00000|  0%| F|  |TAMS 0x0000000722800000, 0x0000000722800000| Untracked 
| 277|0x0000000722a00000, 0x0000000722a00000, 0x0000000722c00000|  0%| F|  |TAMS 0x0000000722a00000, 0x0000000722a00000| Untracked 
| 278|0x0000000722c00000, 0x0000000722c00000, 0x0000000722e00000|  0%| F|  |TAMS 0x0000000722c00000, 0x0000000722c00000| Untracked 
| 279|0x0000000722e00000, 0x0000000722e00000, 0x0000000723000000|  0%| F|  |TAMS 0x0000000722e00000, 0x0000000722e00000| Untracked 
| 280|0x0000000723000000, 0x0000000723000000, 0x0000000723200000|  0%| F|  |TAMS 0x0000000723000000, 0x0000000723000000| Untracked 
| 281|0x0000000723200000, 0x0000000723200000, 0x0000000723400000|  0%| F|  |TAMS 0x0000000723200000, 0x0000000723200000| Untracked 
| 282|0x0000000723400000, 0x0000000723400000, 0x0000000723600000|  0%| F|  |TAMS 0x0000000723400000, 0x0000000723400000| Untracked 
| 283|0x0000000723600000, 0x0000000723600000, 0x0000000723800000|  0%| F|  |TAMS 0x0000000723600000, 0x0000000723600000| Untracked 
| 284|0x0000000723800000, 0x0000000723800000, 0x0000000723a00000|  0%| F|  |TAMS 0x0000000723800000, 0x0000000723800000| Untracked 
| 285|0x0000000723a00000, 0x0000000723a00000, 0x0000000723c00000|  0%| F|  |TAMS 0x0000000723a00000, 0x0000000723a00000| Untracked 
| 286|0x0000000723c00000, 0x0000000723c00000, 0x0000000723e00000|  0%| F|  |TAMS 0x0000000723c00000, 0x0000000723c00000| Untracked 
| 287|0x0000000723e00000, 0x0000000723e00000, 0x0000000724000000|  0%| F|  |TAMS 0x0000000723e00000, 0x0000000723e00000| Untracked 
| 288|0x0000000724000000, 0x0000000724000000, 0x0000000724200000|  0%| F|  |TAMS 0x0000000724000000, 0x0000000724000000| Untracked 
| 289|0x0000000724200000, 0x0000000724200000, 0x0000000724400000|  0%| F|  |TAMS 0x0000000724200000, 0x0000000724200000| Untracked 
| 290|0x0000000724400000, 0x0000000724400000, 0x0000000724600000|  0%| F|  |TAMS 0x0000000724400000, 0x0000000724400000| Untracked 
| 291|0x0000000724600000, 0x0000000724647c60, 0x0000000724800000| 14%| S|CS|TAMS 0x0000000724600000, 0x0000000724600000| Complete 
| 292|0x0000000724800000, 0x0000000724a00000, 0x0000000724a00000|100%| S|CS|TAMS 0x0000000724800000, 0x0000000724800000| Complete 
| 293|0x0000000724a00000, 0x0000000724a00000, 0x0000000724c00000|  0%| F|  |TAMS 0x0000000724a00000, 0x0000000724a00000| Untracked 
| 294|0x0000000724c00000, 0x0000000724c00000, 0x0000000724e00000|  0%| F|  |TAMS 0x0000000724c00000, 0x0000000724c00000| Untracked 
| 295|0x0000000724e00000, 0x0000000724e00000, 0x0000000725000000|  0%| F|  |TAMS 0x0000000724e00000, 0x0000000724e00000| Untracked 
| 296|0x0000000725000000, 0x0000000725000000, 0x0000000725200000|  0%| F|  |TAMS 0x0000000725000000, 0x0000000725000000| Untracked 
| 297|0x0000000725200000, 0x0000000725200000, 0x0000000725400000|  0%| F|  |TAMS 0x0000000725200000, 0x0000000725200000| Untracked 
| 298|0x0000000725400000, 0x0000000725400000, 0x0000000725600000|  0%| F|  |TAMS 0x0000000725400000, 0x0000000725400000| Untracked 
| 299|0x0000000725600000, 0x0000000725600000, 0x0000000725800000|  0%| F|  |TAMS 0x0000000725600000, 0x0000000725600000| Untracked 
| 300|0x0000000725800000, 0x0000000725800000, 0x0000000725a00000|  0%| F|  |TAMS 0x0000000725800000, 0x0000000725800000| Untracked 
| 301|0x0000000725a00000, 0x0000000725a00000, 0x0000000725c00000|  0%| F|  |TAMS 0x0000000725a00000, 0x0000000725a00000| Untracked 
| 302|0x0000000725c00000, 0x0000000725c00000, 0x0000000725e00000|  0%| F|  |TAMS 0x0000000725c00000, 0x0000000725c00000| Untracked 
| 303|0x0000000725e00000, 0x0000000725e00000, 0x0000000726000000|  0%| F|  |TAMS 0x0000000725e00000, 0x0000000725e00000| Untracked 
| 304|0x0000000726000000, 0x0000000726000000, 0x0000000726200000|  0%| F|  |TAMS 0x0000000726000000, 0x0000000726000000| Untracked 
| 305|0x0000000726200000, 0x0000000726200000, 0x0000000726400000|  0%| F|  |TAMS 0x0000000726200000, 0x0000000726200000| Untracked 
| 306|0x0000000726400000, 0x0000000726400000, 0x0000000726600000|  0%| F|  |TAMS 0x0000000726400000, 0x0000000726400000| Untracked 
| 307|0x0000000726600000, 0x0000000726600000, 0x0000000726800000|  0%| F|  |TAMS 0x0000000726600000, 0x0000000726600000| Untracked 

Card table byte_map: [0x000001f83ed50000,0x000001f83f550000] _byte_map_base: 0x000001f83b550000

Marking Bits (Prev, Next): (CMBitMap*) 0x000001f8259f3980, (CMBitMap*) 0x000001f8259f3940
 Prev Bits: [0x000001f843d50000, 0x000001f847d50000)
 Next Bits: [0x000001f83fd50000, 0x000001f843d50000)

Polling page: 0x000001f825a50000

Metaspace:

Usage:
  Non-class:    106.36 MB used.
      Class:     15.68 MB used.
       Both:    122.04 MB used.

Virtual space:
  Non-class space:      128.00 MB reserved,     107.38 MB ( 84%) committed,  2 nodes.
      Class space:        1.00 GB reserved,      16.62 MB (  2%) committed,  1 nodes.
             Both:        1.12 GB reserved,     124.00 MB ( 11%) committed. 

Chunk freelists:
   Non-Class:  4.41 MB
       Class:  15.29 MB
        Both:  19.70 MB

MaxMetaspaceSize: unlimited
CompressedClassSpaceSize: 1.00 GB
Initial GC threshold: 21.00 MB
Current GC threshold: 203.69 MB
CDS: on
MetaspaceReclaimPolicy: balanced
 - commit_granule_bytes: 65536.
 - commit_granule_words: 8192.
 - virtual_space_node_default_size: 8388608.
 - enlarge_chunks_in_place: 1.
 - new_chunks_are_fully_committed: 0.
 - uncommit_free_chunks: 1.
 - use_allocation_guard: 0.
 - handle_deallocations: 1.


Internal statistics:

num_allocs_failed_limit: 15.
num_arena_births: 2910.
num_arena_deaths: 36.
num_vsnodes_births: 3.
num_vsnodes_deaths: 0.
num_space_committed: 2024.
num_space_uncommitted: 41.
num_chunks_returned_to_freelist: 245.
num_chunks_taken_from_freelist: 8933.
num_chunk_merges: 69.
num_chunk_splits: 5410.
num_chunks_enlarged: 2960.
num_inconsistent_stats: 0.

CodeHeap 'non-profiled nmethods': size=120000Kb used=27782Kb max_used=27782Kb free=92217Kb
 bounds [0x000001f8366a0000, 0x000001f8381d0000, 0x000001f83dbd0000]
CodeHeap 'profiled nmethods': size=120000Kb used=46896Kb max_used=46896Kb free=73103Kb
 bounds [0x000001f82ebd0000, 0x000001f8319a0000, 0x000001f836100000]
CodeHeap 'non-nmethods': size=5760Kb used=2445Kb max_used=2593Kb free=3314Kb
 bounds [0x000001f836100000, 0x000001f8363a0000, 0x000001f8366a0000]
 total_blobs=25181 nmethods=24206 adapters=884
 compilation: enabled
              stopped_count=0, restarted_count=0
 full_count=0

Compilation events (20 events):
Event: 3531.242 Thread 0x000001f84a385830 nmethod 31973 0x000001f83198dc90 code [0x000001f83198e000, 0x000001f83198f658]
Event: 3531.242 Thread 0x000001f84a385830 31975       2       lombok.javac.JavacTreeMaker::Parens (19 bytes)
Event: 3531.243 Thread 0x000001f84a385830 nmethod 31975 0x000001f831990190 code [0x000001f831990340, 0x000001f831990628]
Event: 3531.243 Thread 0x000001f84a385830 31976       3       lombok.javac.handlers.JavacHandlerUtil::genJavaLangTypeRef (36 bytes)
Event: 3531.244 Thread 0x000001f84a385830 nmethod 31976 0x000001f831990790 code [0x000001f831990980, 0x000001f831990d08]
Event: 3531.254 Thread 0x000001f84a385830 31977       3       lombok.core.handlers.HandlerUtil::toAllAccessorNames (338 bytes)
Event: 3531.258 Thread 0x000001f84a385830 nmethod 31977 0x000001f831990f10 code [0x000001f831991420, 0x000001f8319945c8]
Event: 3531.258 Thread 0x000001f84a385830 31979       3       lombok.javac.JavacTreeMaker::Binary (30 bytes)
Event: 3531.259 Thread 0x000001f84a385830 nmethod 31979 0x000001f831995510 code [0x000001f831995700, 0x000001f831995f28]
Event: 3531.259 Thread 0x000001f84a385830 31978   !   3       jdk.internal.reflect.GeneratedMethodAccessor169::invoke (160 bytes)
Event: 3531.260 Thread 0x000001f84a385830 nmethod 31978 0x000001f831996110 code [0x000001f8319963e0, 0x000001f8319977c8]
Event: 3531.260 Thread 0x000001f84a385830 31980   !   2       lombok.javac.handlers.HandleGetter::$SWITCH_TABLE$lombok$javac$handlers$JavacHandlerUtil$MemberExistsResult (61 bytes)
Event: 3531.261 Thread 0x000001f84a385830 nmethod 31980 0x000001f831997e10 code [0x000001f831997fc0, 0x000001f831998308]
Event: 3531.262 Thread 0x000001f84a385830 31982       2       lombok.javac.handlers.HandleGetter::createGetterForField (336 bytes)
Event: 3531.265 Thread 0x000001f84a385830 nmethod 31982 0x000001f831998510 code [0x000001f831998940, 0x000001f831999ec8]
Event: 3531.265 Thread 0x000001f84a385830 31981       2       lombok.javac.handlers.HandleGetter::generateGetterForField (23 bytes)
Event: 3531.265 Thread 0x000001f84a385830 nmethod 31981 0x000001f83199ac90 code [0x000001f83199ae40, 0x000001f83199b018]
Event: 3531.265 Thread 0x000001f84a385830 31983       2       lombok.javac.handlers.JavacHandlerUtil::toAllGetterNames (17 bytes)
Event: 3531.265 Thread 0x000001f84a385830 nmethod 31983 0x000001f83199b110 code [0x000001f83199b2e0, 0x000001f83199b4f8]
Event: 3531.269 Thread 0x000001f84a385830 31985       2       lombok.javac.handlers.HandleSetter::createSetterForField (267 bytes)

GC Heap History (20 events):
Event: 3497.842 GC heap after
{Heap after GC invocations=50 (full 0):
 garbage-first heap   total 630784K, used 191413K [0x0000000700000000, 0x0000000800000000)
  region size 2048K, 2 young (4096K), 2 survivors (4096K)
 Metaspace       used 113623K, committed 114944K, reserved 1179648K
  class space    used 14667K, committed 15296K, reserved 1048576K
}
Event: 3500.010 GC heap before
{Heap before GC invocations=50 (full 0):
 garbage-first heap   total 630784K, used 517045K [0x0000000700000000, 0x0000000800000000)
  region size 2048K, 163 young (333824K), 2 survivors (4096K)
 Metaspace       used 113826K, committed 115136K, reserved 1179648K
  class space    used 14680K, committed 15296K, reserved 1048576K
}
Event: 3500.030 GC heap after
{Heap after GC invocations=51 (full 0):
 garbage-first heap   total 630784K, used 215064K [0x0000000700000000, 0x0000000800000000)
  region size 2048K, 14 young (28672K), 14 survivors (28672K)
 Metaspace       used 113826K, committed 115136K, reserved 1179648K
  class space    used 14680K, committed 15296K, reserved 1048576K
}
Event: 3502.986 GC heap before
{Heap before GC invocations=52 (full 0):
 garbage-first heap   total 630784K, used 516120K [0x0000000700000000, 0x0000000800000000)
  region size 2048K, 160 young (327680K), 14 survivors (28672K)
 Metaspace       used 115842K, committed 117120K, reserved 1179648K
  class space    used 14898K, committed 15488K, reserved 1048576K
}
Event: 3503.040 GC heap after
{Heap after GC invocations=53 (full 0):
 garbage-first heap   total 630784K, used 246835K [0x0000000700000000, 0x0000000800000000)
  region size 2048K, 15 young (30720K), 15 survivors (30720K)
 Metaspace       used 115842K, committed 117120K, reserved 1179648K
  class space    used 14898K, committed 15488K, reserved 1048576K
}
Event: 3503.048 GC heap before
{Heap before GC invocations=53 (full 0):
 garbage-first heap   total 630784K, used 248883K [0x0000000700000000, 0x0000000800000000)
  region size 2048K, 16 young (32768K), 15 survivors (30720K)
 Metaspace       used 115842K, committed 117120K, reserved 1179648K
  class space    used 14898K, committed 15488K, reserved 1048576K
}
Event: 3503.081 GC heap after
{Heap after GC invocations=54 (full 0):
 garbage-first heap   total 630784K, used 244987K [0x0000000700000000, 0x0000000800000000)
  region size 2048K, 1 young (2048K), 1 survivors (2048K)
 Metaspace       used 115842K, committed 117120K, reserved 1179648K
  class space    used 14898K, committed 15488K, reserved 1048576K
}
Event: 3505.833 GC heap before
{Heap before GC invocations=54 (full 0):
 garbage-first heap   total 630784K, used 513275K [0x0000000700000000, 0x0000000800000000)
  region size 2048K, 132 young (270336K), 1 survivors (2048K)
 Metaspace       used 120945K, committed 122432K, reserved 1179648K
  class space    used 15535K, committed 16256K, reserved 1048576K
}
Event: 3505.844 GC heap after
{Heap after GC invocations=55 (full 0):
 garbage-first heap   total 630784K, used 248962K [0x0000000700000000, 0x0000000800000000)
  region size 2048K, 3 young (6144K), 3 survivors (6144K)
 Metaspace       used 120945K, committed 122432K, reserved 1179648K
  class space    used 15535K, committed 16256K, reserved 1048576K
}
Event: 3527.254 GC heap before
{Heap before GC invocations=56 (full 0):
 garbage-first heap   total 630784K, used 517250K [0x0000000700000000, 0x0000000800000000)
  region size 2048K, 135 young (276480K), 3 survivors (6144K)
 Metaspace       used 123015K, committed 124928K, reserved 1179648K
  class space    used 15841K, committed 16768K, reserved 1048576K
}
Event: 3527.276 GC heap after
{Heap after GC invocations=57 (full 0):
 garbage-first heap   total 630784K, used 264603K [0x0000000700000000, 0x0000000800000000)
  region size 2048K, 11 young (22528K), 11 survivors (22528K)
 Metaspace       used 123015K, committed 124928K, reserved 1179648K
  class space    used 15841K, committed 16768K, reserved 1048576K
}
Event: 3527.332 GC heap before
{Heap before GC invocations=57 (full 0):
 garbage-first heap   total 630784K, used 272795K [0x0000000700000000, 0x0000000800000000)
  region size 2048K, 15 young (30720K), 11 survivors (22528K)
 Metaspace       used 123016K, committed 124928K, reserved 1179648K
  class space    used 15841K, committed 16768K, reserved 1048576K
}
Event: 3527.365 GC heap after
{Heap after GC invocations=58 (full 0):
 garbage-first heap   total 630784K, used 262098K [0x0000000700000000, 0x0000000800000000)
  region size 2048K, 2 young (4096K), 2 survivors (4096K)
 Metaspace       used 123016K, committed 124928K, reserved 1179648K
  class space    used 15841K, committed 16768K, reserved 1048576K
}
Event: 3528.579 GC heap before
{Heap before GC invocations=58 (full 0):
 garbage-first heap   total 630784K, used 430034K [0x0000000700000000, 0x0000000800000000)
  region size 2048K, 85 young (174080K), 2 survivors (4096K)
 Metaspace       used 123149K, committed 125120K, reserved 1179648K
  class space    used 15853K, committed 16832K, reserved 1048576K
}
Event: 3528.593 GC heap after
{Heap after GC invocations=59 (full 0):
 garbage-first heap   total 630784K, used 283796K [0x0000000700000000, 0x0000000800000000)
  region size 2048K, 13 young (26624K), 13 survivors (26624K)
 Metaspace       used 123149K, committed 125120K, reserved 1179648K
  class space    used 15853K, committed 16832K, reserved 1048576K
}
Event: 3531.063 GC heap before
{Heap before GC invocations=60 (full 0):
 garbage-first heap   total 630784K, used 515220K [0x0000000700000000, 0x0000000800000000)
  region size 2048K, 125 young (256000K), 13 survivors (26624K)
 Metaspace       used 124937K, committed 126912K, reserved 1179648K
  class space    used 16051K, committed 17024K, reserved 1048576K
}
Event: 3531.090 GC heap after
{Heap after GC invocations=61 (full 0):
 garbage-first heap   total 630784K, used 306275K [0x0000000700000000, 0x0000000800000000)
  region size 2048K, 14 young (28672K), 14 survivors (28672K)
 Metaspace       used 124937K, committed 126912K, reserved 1179648K
  class space    used 16051K, committed 17024K, reserved 1048576K
}
Event: 3531.103 GC heap before
{Heap before GC invocations=61 (full 0):
 garbage-first heap   total 630784K, used 308323K [0x0000000700000000, 0x0000000800000000)
  region size 2048K, 15 young (30720K), 14 survivors (28672K)
 Metaspace       used 124937K, committed 126912K, reserved 1179648K
  class space    used 16051K, committed 17024K, reserved 1048576K
}
Event: 3531.131 GC heap after
{Heap after GC invocations=62 (full 0):
 garbage-first heap   total 630784K, used 252075K [0x0000000700000000, 0x0000000800000000)
  region size 2048K, 2 young (4096K), 2 survivors (4096K)
 Metaspace       used 124937K, committed 126912K, reserved 1179648K
  class space    used 16051K, committed 17024K, reserved 1048576K
}
Event: 3531.273 GC heap before
{Heap before GC invocations=62 (full 0):
 garbage-first heap   total 630784K, used 278699K [0x0000000700000000, 0x0000000800000000)
  region size 2048K, 15 young (30720K), 2 survivors (4096K)
 Metaspace       used 124965K, committed 126976K, reserved 1179648K
  class space    used 16052K, committed 17024K, reserved 1048576K
}

Deoptimization events (20 events):
Event: 3528.210 Thread 0x000001f89caf66c0 DEOPT PACKING pc=0x000001f837e89b04 sp=0x00000042b89f9040
Event: 3528.210 Thread 0x000001f89caf66c0 DEOPT UNPACKING pc=0x000001f8361523a3 sp=0x00000042b89f8ff8 mode 2
Event: 3528.212 Thread 0x000001f89caf66c0 DEOPT PACKING pc=0x000001f8311435e4 sp=0x00000042b89f9310
Event: 3528.212 Thread 0x000001f89caf66c0 DEOPT UNPACKING pc=0x000001f836152b43 sp=0x00000042b89f87e0 mode 0
Event: 3528.257 Thread 0x000001f89caf66c0 DEOPT PACKING pc=0x000001f82fef2900 sp=0x00000042b89f9470
Event: 3528.257 Thread 0x000001f89caf66c0 DEOPT UNPACKING pc=0x000001f836152b43 sp=0x00000042b89f8980 mode 0
Event: 3529.555 Thread 0x000001f89caf66c0 DEOPT PACKING pc=0x000001f8314fd8eb sp=0x00000042b89f4fa0
Event: 3529.555 Thread 0x000001f89caf66c0 DEOPT UNPACKING pc=0x000001f836152b43 sp=0x00000042b89f4450 mode 0
Event: 3529.616 Thread 0x000001f89caf66c0 DEOPT PACKING pc=0x000001f8314fd8eb sp=0x00000042b89f4fa0
Event: 3529.616 Thread 0x000001f89caf66c0 DEOPT UNPACKING pc=0x000001f836152b43 sp=0x00000042b89f4450 mode 0
Event: 3530.117 Thread 0x000001f89caf66c0 DEOPT PACKING pc=0x000001f8314eddd6 sp=0x00000042b89f8fe0
Event: 3530.117 Thread 0x000001f89caf66c0 DEOPT UNPACKING pc=0x000001f836152b43 sp=0x00000042b89f8570 mode 0
Event: 3530.133 Thread 0x000001f89caf66c0 DEOPT PACKING pc=0x000001f8314eddd6 sp=0x00000042b89f90f0
Event: 3530.133 Thread 0x000001f89caf66c0 DEOPT UNPACKING pc=0x000001f836152b43 sp=0x00000042b89f8680 mode 0
Event: 3530.490 Thread 0x000001f89caf66c0 DEOPT PACKING pc=0x000001f831348586 sp=0x00000042b89f88c0
Event: 3530.490 Thread 0x000001f89caf66c0 DEOPT UNPACKING pc=0x000001f836152b43 sp=0x00000042b89f7d98 mode 0
Event: 3530.766 Thread 0x000001f89caf66c0 DEOPT PACKING pc=0x000001f830a2642f sp=0x00000042b89f8860
Event: 3530.766 Thread 0x000001f89caf66c0 DEOPT UNPACKING pc=0x000001f836152b43 sp=0x00000042b89f7d90 mode 0
Event: 3531.231 Thread 0x000001f89caf66c0 DEOPT PACKING pc=0x000001f83193b3d6 sp=0x00000042b89f8b60
Event: 3531.231 Thread 0x000001f89caf66c0 DEOPT UNPACKING pc=0x000001f836152b43 sp=0x00000042b89f8100 mode 0

Classes unloaded (20 events):
Event: 3130.959 Thread 0x000001f84a34a750 Unloading class 0x000001f84ce2d790 'lombok/launch/PackageShader'
Event: 3130.959 Thread 0x000001f84a34a750 Unloading class 0x000001f84ce2d480 'lombok/launch/ShadowClassLoader'
Event: 3130.959 Thread 0x000001f84a34a750 Unloading class 0x000001f84ce2d280 'lombok/launch/Main'
Event: 3130.959 Thread 0x000001f84a34a750 Unloading class 0x000001f84ce2d000 'lombok/launch/AnnotationProcessorHider$AnnotationProcessor'
Event: 3489.747 Thread 0x000001f84a34a750 Unloading class 0x000001f84cf3b7d0 '_BuildScript_$_run_closure4'
Event: 3489.747 Thread 0x000001f84a34a750 Unloading class 0x000001f84cf3b3e8 '_BuildScript_$_run_closure3$_closure6'
Event: 3489.747 Thread 0x000001f84a34a750 Unloading class 0x000001f84cf3b000 '_BuildScript_$_run_closure3'
Event: 3489.747 Thread 0x000001f84a34a750 Unloading class 0x000001f84cf35c00 '_BuildScript_$_run_closure2'
Event: 3489.747 Thread 0x000001f84a34a750 Unloading class 0x000001f84cf3a920 '_BuildScript_$_run_closure1$_closure5'
Event: 3489.747 Thread 0x000001f84a34a750 Unloading class 0x000001f84cf3a538 '_BuildScript_$_run_closure1'
Event: 3489.747 Thread 0x000001f84a34a750 Unloading class 0x000001f84cf3a000 '_BuildScript_'
Event: 3489.747 Thread 0x000001f84a34a750 Unloading class 0x000001f84cf38538 '_BuildScript_$_run_closure1'
Event: 3489.747 Thread 0x000001f84a34a750 Unloading class 0x000001f84cf38000 '_BuildScript_'
Event: 3489.747 Thread 0x000001f84a34a750 Unloading class 0x000001f84cedc000 '_BuildScript_$_run_closure4'
Event: 3489.747 Thread 0x000001f84a34a750 Unloading class 0x000001f84cedbbb8 '_BuildScript_$_run_closure3$_closure6'
Event: 3489.747 Thread 0x000001f84a34a750 Unloading class 0x000001f84cedb7d0 '_BuildScript_$_run_closure3'
Event: 3489.747 Thread 0x000001f84a34a750 Unloading class 0x000001f84cedb3e8 '_BuildScript_$_run_closure2'
Event: 3489.747 Thread 0x000001f84a34a750 Unloading class 0x000001f84cedb000 '_BuildScript_$_run_closure1$_closure5'
Event: 3489.747 Thread 0x000001f84a34a750 Unloading class 0x000001f84ceda400 '_BuildScript_$_run_closure1'
Event: 3489.747 Thread 0x000001f84a34a750 Unloading class 0x000001f84ceda800 '_BuildScript_'

Classes redefined (0 events):
No events

Internal exceptions (20 events):
Event: 3507.580 Thread 0x000001f8940c32e0 Exception <a 'sun/nio/fs/WindowsException'{0x0000000720318b00}> (0x0000000720318b00) 
thrown [s\open\src\hotspot\share\prims\jni.cpp, line 516]
Event: 3507.585 Thread 0x000001f8940c32e0 Exception <a 'sun/nio/fs/WindowsException'{0x0000000720368968}> (0x0000000720368968) 
thrown [s\open\src\hotspot\share\prims\jni.cpp, line 516]
Event: 3507.585 Thread 0x000001f8940c32e0 Exception <a 'sun/nio/fs/WindowsException'{0x0000000720369ae0}> (0x0000000720369ae0) 
thrown [s\open\src\hotspot\share\prims\jni.cpp, line 516]
Event: 3507.585 Thread 0x000001f8940c32e0 Exception <a 'sun/nio/fs/WindowsException'{0x000000072036a9b8}> (0x000000072036a9b8) 
thrown [s\open\src\hotspot\share\prims\jni.cpp, line 516]
Event: 3507.592 Thread 0x000001f8940c32e0 Exception <a 'sun/nio/fs/WindowsException'{0x00000007203aeb20}> (0x00000007203aeb20) 
thrown [s\open\src\hotspot\share\prims\jni.cpp, line 516]
Event: 3507.592 Thread 0x000001f8940c32e0 Exception <a 'sun/nio/fs/WindowsException'{0x00000007203afcc0}> (0x00000007203afcc0) 
thrown [s\open\src\hotspot\share\prims\jni.cpp, line 516]
Event: 3507.592 Thread 0x000001f8940c32e0 Exception <a 'sun/nio/fs/WindowsException'{0x00000007203b0e38}> (0x00000007203b0e38) 
thrown [s\open\src\hotspot\share\prims\jni.cpp, line 516]
Event: 3507.634 Thread 0x000001f8940c32e0 Exception <a 'sun/nio/fs/WindowsException'{0x000000071fe26b00}> (0x000000071fe26b00) 
thrown [s\open\src\hotspot\share\prims\jni.cpp, line 516]
Event: 3507.634 Thread 0x000001f8940c32e0 Exception <a 'sun/nio/fs/WindowsException'{0x000000071fe27c90}> (0x000000071fe27c90) 
thrown [s\open\src\hotspot\share\prims\jni.cpp, line 516]
Event: 3507.634 Thread 0x000001f8940c32e0 Exception <a 'sun/nio/fs/WindowsException'{0x000000071fe28c28}> (0x000000071fe28c28) 
thrown [s\open\src\hotspot\share\prims\jni.cpp, line 516]
Event: 3507.663 Thread 0x000001f8940c32e0 Implicit null exception at 0x000001f836cea500 to 0x000001f836cea6b8
Event: 3508.244 Thread 0x000001f8940c32e0 Exception <a 'java/lang/reflect/InvocationTargetException'{0x000000071eb53950}> (0x000000071eb53950) 
thrown [s\open\src\hotspot\share\runtime\reflection.cpp, line 1121]
Event: 3526.429 Thread 0x000001f8940c0a60 Exception <a 'sun/nio/fs/WindowsException'{0x000000071d5e7470}> (0x000000071d5e7470) 
thrown [s\open\src\hotspot\share\prims\jni.cpp, line 516]
Event: 3526.430 Thread 0x000001f8940c0a60 Exception <a 'sun/nio/fs/WindowsException'{0x000000071d5e88d8}> (0x000000071d5e88d8) 
thrown [s\open\src\hotspot\share\prims\jni.cpp, line 516]
Event: 3526.430 Thread 0x000001f8940c0a60 Exception <a 'sun/nio/fs/WindowsException'{0x000000071d5e9d40}> (0x000000071d5e9d40) 
thrown [s\open\src\hotspot\share\prims\jni.cpp, line 516]
Event: 3526.431 Thread 0x000001f8940c0a60 Exception <a 'sun/nio/fs/WindowsException'{0x000000071d5eb180}> (0x000000071d5eb180) 
thrown [s\open\src\hotspot\share\prims\jni.cpp, line 516]
Event: 3526.536 Thread 0x000001f8940c0a60 Exception <a 'java/lang/NoClassDefFoundError'{0x000000071c840ef8}: org/jetbrains/kotlin/gradle/plugin/KotlinPluginWrapper> (0x000000071c840ef8) 
thrown [s\open\src\hotspot\share\oops\constantPool.cpp, line 837]
Event: 3526.537 Thread 0x000001f8940c0a60 Exception <a 'java/lang/NoClassDefFoundError'{0x000000071c842ff0}: org/graalvm/buildtools/gradle/NativeImagePlugin> (0x000000071c842ff0) 
thrown [s\open\src\hotspot\share\oops\constantPool.cpp, line 837]
Event: 3528.254 Thread 0x000001f89caf66c0 Exception <a 'sun/nio/fs/WindowsException'{0x000000071d82c470}> (0x000000071d82c470) 
thrown [s\open\src\hotspot\share\prims\jni.cpp, line 516]
Event: 3528.254 Thread 0x000001f89caf66c0 Exception <a 'sun/nio/fs/WindowsException'{0x000000071d82c788}> (0x000000071d82c788) 
thrown [s\open\src\hotspot\share\prims\jni.cpp, line 516]

VM Operations (20 events):
Event: 3527.276 Executing VM operation: G1CollectForAllocation done
Event: 3527.332 Executing VM operation: G1CollectForAllocation
Event: 3527.367 Executing VM operation: G1CollectForAllocation done
Event: 3528.376 Executing VM operation: Cleanup
Event: 3528.376 Executing VM operation: Cleanup done
Event: 3528.579 Executing VM operation: G1TryInitiateConcMark
Event: 3528.593 Executing VM operation: G1TryInitiateConcMark done
Event: 3528.804 Executing VM operation: G1Concurrent
Event: 3528.822 Executing VM operation: G1Concurrent done
Event: 3528.944 Executing VM operation: G1Concurrent
Event: 3528.945 Executing VM operation: G1Concurrent done
Event: 3529.401 Executing VM operation: HandshakeAllThreads
Event: 3529.401 Executing VM operation: HandshakeAllThreads done
Event: 3530.408 Executing VM operation: Cleanup
Event: 3530.408 Executing VM operation: Cleanup done
Event: 3531.063 Executing VM operation: G1CollectForAllocation
Event: 3531.091 Executing VM operation: G1CollectForAllocation done
Event: 3531.102 Executing VM operation: G1CollectForAllocation
Event: 3531.131 Executing VM operation: G1CollectForAllocation done
Event: 3531.273 Executing VM operation: G1CollectForAllocation

Events (20 events):
Event: 3529.464 Thread 0x000001f84a386140 flushing nmethod 0x000001f831301490
Event: 3529.465 Thread 0x000001f84a386140 flushing nmethod 0x000001f831335490
Event: 3529.465 Thread 0x000001f84a386140 flushing nmethod 0x000001f831335810
Event: 3529.465 Thread 0x000001f84a386140 flushing nmethod 0x000001f831347a10
Event: 3529.465 Thread 0x000001f84a386140 flushing nmethod 0x000001f83134a290
Event: 3529.465 Thread 0x000001f84a386140 flushing nmethod 0x000001f83134a810
Event: 3529.465 Thread 0x000001f84a386140 flushing nmethod 0x000001f83134bf90
Event: 3529.465 Thread 0x000001f84a386140 flushing nmethod 0x000001f831367990
Event: 3529.465 Thread 0x000001f84a386140 flushing nmethod 0x000001f83136b790
Event: 3529.465 Thread 0x000001f84a386140 flushing nmethod 0x000001f83136c690
Event: 3529.465 Thread 0x000001f84a386140 flushing nmethod 0x000001f83136cc90
Event: 3529.467 Thread 0x000001f84a386140 flushing nmethod 0x000001f831563d90
Event: 3529.467 Thread 0x000001f84a386140 flushing nmethod 0x000001f83156c510
Event: 3529.467 Thread 0x000001f84a386140 flushing nmethod 0x000001f831635a10
Event: 3529.469 Thread 0x000001f84a386140 flushing nmethod 0x000001f831741e90
Event: 3529.469 Thread 0x000001f84a386140 flushing nmethod 0x000001f831742210
Event: 3529.469 Thread 0x000001f84a386140 flushing nmethod 0x000001f831742590
Event: 3529.469 Thread 0x000001f84a386140 flushing nmethod 0x000001f831772090
Event: 3529.469 Thread 0x000001f84a386140 flushing nmethod 0x000001f83177d690
Event: 3529.469 Thread 0x000001f84a386140 flushing nmethod 0x000001f831788790


Dynamic libraries:
0x00007ff7c6af0000 - 0x00007ff7c6b00000 	C:\Program Files\Java\jdk-17.0.12\bin\java.exe
0x00007ffca1280000 - 0x00007ffca14e7000 	C:\WINDOWS\SYSTEM32\ntdll.dll
0x00007ffc9f840000 - 0x00007ffc9f909000 	C:\WINDOWS\System32\KERNEL32.DLL
0x00007ffc9ead0000 - 0x00007ffc9eec1000 	C:\WINDOWS\System32\KERNELBASE.dll
0x00007ffc9eed0000 - 0x00007ffc9f01b000 	C:\WINDOWS\System32\ucrtbase.dll
0x00007ffc8b490000 - 0x00007ffc8b4a9000 	C:\Program Files\Java\jdk-17.0.12\bin\jli.dll
0x00007ffc8b260000 - 0x00007ffc8b27b000 	C:\Program Files\Java\jdk-17.0.12\bin\VCRUNTIME140.dll
0x00007ffca0e20000 - 0x00007ffca0edb000 	C:\WINDOWS\System32\ADVAPI32.dll
0x00007ffc9f790000 - 0x00007ffc9f839000 	C:\WINDOWS\System32\msvcrt.dll
0x00007ffc9f4c0000 - 0x00007ffc9f567000 	C:\WINDOWS\System32\sechost.dll
0x00007ffca0b20000 - 0x00007ffca0c38000 	C:\WINDOWS\System32\RPCRT4.dll
0x00007ffc9f040000 - 0x00007ffc9f205000 	C:\WINDOWS\System32\USER32.dll
0x00007ffc9cc60000 - 0x00007ffc9cef3000 	C:\WINDOWS\WinSxS\amd64_microsoft.windows.common-controls_6595b64144ccf1df_6.0.26100.8037_none_3e092faae333b53b\COMCTL32.dll
0x00007ffc9eaa0000 - 0x00007ffc9eac7000 	C:\WINDOWS\System32\win32u.dll
0x00007ffca1070000 - 0x00007ffca109b000 	C:\WINDOWS\System32\GDI32.dll
0x00007ffc9e970000 - 0x00007ffc9ea9b000 	C:\WINDOWS\System32\gdi32full.dll
0x00007ffc9e610000 - 0x00007ffc9e6b3000 	C:\WINDOWS\System32\msvcp_win.dll
0x00007ffc93920000 - 0x00007ffc9392b000 	C:\WINDOWS\SYSTEM32\VERSION.dll
0x00007ffca1200000 - 0x00007ffca1231000 	C:\WINDOWS\System32\IMM32.DLL
0x00007ffc8b190000 - 0x00007ffc8b19c000 	C:\Program Files\Java\jdk-17.0.12\bin\vcruntime140_1.dll
0x00007ffc8a070000 - 0x00007ffc8a0fe000 	C:\Program Files\Java\jdk-17.0.12\bin\msvcp140.dll
0x00007ffc12cb0000 - 0x00007ffc13890000 	C:\Program Files\Java\jdk-17.0.12\bin\server\jvm.dll
0x00007ffca0b10000 - 0x00007ffca0b18000 	C:\WINDOWS\System32\PSAPI.DLL
0x00007ffc82d70000 - 0x00007ffc82da5000 	C:\WINDOWS\SYSTEM32\WINMM.dll
0x00007ffc83790000 - 0x00007ffc8379a000 	C:\WINDOWS\SYSTEM32\WSOCK32.dll
0x00007ffc9f5f0000 - 0x00007ffc9f664000 	C:\WINDOWS\System32\WS2_32.dll
0x00007ffc9bfc0000 - 0x00007ffc9bfdb000 	C:\WINDOWS\SYSTEM32\kernel.appcore.dll
0x00007ffc8b180000 - 0x00007ffc8b18a000 	C:\Program Files\Java\jdk-17.0.12\bin\jimage.dll
0x00007ffc9d310000 - 0x00007ffc9d552000 	C:\WINDOWS\SYSTEM32\DBGHELP.DLL
0x00007ffc9fda0000 - 0x00007ffca0122000 	C:\WINDOWS\System32\combase.dll
0x00007ffca1120000 - 0x00007ffca11f7000 	C:\WINDOWS\System32\OLEAUT32.dll
0x00007ffc9d200000 - 0x00007ffc9d23b000 	C:\WINDOWS\SYSTEM32\dbgcore.DLL
0x00007ffc9e6c0000 - 0x00007ffc9e765000 	C:\WINDOWS\System32\bcryptPrimitives.dll
0x00007ffc8ac50000 - 0x00007ffc8ac5e000 	C:\Program Files\Java\jdk-17.0.12\bin\instrument.dll
0x00007ffc8a9e0000 - 0x00007ffc8aa05000 	C:\Program Files\Java\jdk-17.0.12\bin\java.dll
0x00007ffc2fc40000 - 0x00007ffc2fd17000 	C:\Program Files\Java\jdk-17.0.12\bin\jsvml.dll
0x00007ffca0230000 - 0x00007ffca098f000 	C:\WINDOWS\System32\SHELL32.dll
0x00007ffc9e800000 - 0x00007ffc9e96a000 	C:\WINDOWS\System32\wintypes.dll
0x00007ffc9dda0000 - 0x00007ffc9e604000 	C:\WINDOWS\System32\windows.storage.dll
0x00007ffca0a10000 - 0x00007ffca0b07000 	C:\WINDOWS\System32\SHCORE.dll
0x00007ffca09a0000 - 0x00007ffca0a07000 	C:\WINDOWS\System32\shlwapi.dll
0x00007ffc9da80000 - 0x00007ffc9daa9000 	C:\WINDOWS\SYSTEM32\profapi.dll
0x00007ffc8a900000 - 0x00007ffc8a918000 	C:\Program Files\Java\jdk-17.0.12\bin\zip.dll
0x00007ffc8a8e0000 - 0x00007ffc8a8f9000 	C:\Program Files\Java\jdk-17.0.12\bin\net.dll
0x00007ffc92fe0000 - 0x00007ffc93107000 	C:\WINDOWS\SYSTEM32\WINHTTP.dll
0x00007ffc9c560000 - 0x00007ffc9c5cb000 	C:\WINDOWS\system32\mswsock.dll
0x00007ffc8a800000 - 0x00007ffc8a816000 	C:\Program Files\Java\jdk-17.0.12\bin\nio.dll
0x00007ffc8ac20000 - 0x00007ffc8ac30000 	C:\Program Files\Java\jdk-17.0.12\bin\verify.dll
0x00007ffc8af20000 - 0x00007ffc8af47000 	C:\Users\PC\.gradle\native\c067742578af261105cb4f569cf0c3c89f3d7b1fecec35dd04571415982c5e48\windows-amd64\native-platform.dll
0x00007ffc2faf0000 - 0x00007ffc2fc34000 	C:\Users\PC\.gradle\native\38dada09dfb8b06ba9b0570ebf7e218e3eb74d4ef43ca46872605cf95ebc2f47\windows-amd64\native-platform-file-events.dll
0x00007ffc8b960000 - 0x00007ffc8b96a000 	C:\Program Files\Java\jdk-17.0.12\bin\management.dll
0x00007ffc8b950000 - 0x00007ffc8b95b000 	C:\Program Files\Java\jdk-17.0.12\bin\management_ext.dll
0x00007ffc9d680000 - 0x00007ffc9d69b000 	C:\WINDOWS\SYSTEM32\CRYPTSP.dll
0x00007ffc9c190000 - 0x00007ffc9c1c9000 	C:\WINDOWS\system32\rsaenh.dll
0x00007ffc9c610000 - 0x00007ffc9c642000 	C:\WINDOWS\SYSTEM32\USERENV.dll
0x00007ffc9da50000 - 0x00007ffc9da7a000 	C:\WINDOWS\SYSTEM32\bcrypt.dll
0x00007ffc9c840000 - 0x00007ffc9c84c000 	C:\WINDOWS\SYSTEM32\CRYPTBASE.dll
0x00007ffc9ba10000 - 0x00007ffc9ba43000 	C:\WINDOWS\SYSTEM32\IPHLPAPI.DLL
0x00007ffc9f700000 - 0x00007ffc9f70a000 	C:\WINDOWS\System32\NSI.dll
0x00007ffc92da0000 - 0x00007ffc92dbd000 	C:\WINDOWS\SYSTEM32\dhcpcsvc6.DLL
0x00007ffc92d70000 - 0x00007ffc92d93000 	C:\WINDOWS\SYSTEM32\dhcpcsvc.DLL
0x00007ffc9baa0000 - 0x00007ffc9bbca000 	C:\WINDOWS\SYSTEM32\DNSAPI.dll
0x00007ffc8b940000 - 0x00007ffc8b94e000 	C:\Program Files\Java\jdk-17.0.12\bin\sunmscapi.dll
0x00007ffc9dc20000 - 0x00007ffc9dd97000 	C:\WINDOWS\System32\CRYPT32.dll
0x00007ffc9cc20000 - 0x00007ffc9cc50000 	C:\WINDOWS\SYSTEM32\ncrypt.dll
0x00007ffc9cb10000 - 0x00007ffc9cb4f000 	C:\WINDOWS\SYSTEM32\NTASN1.dll
0x00007ffc970e0000 - 0x00007ffc970e8000 	C:\WINDOWS\system32\wshunix.dll
0x00007ffc8bd70000 - 0x00007ffc8bd7b000 	C:\Windows\System32\rasadhlp.dll
0x00007ffc8e4a0000 - 0x00007ffc8e526000 	C:\WINDOWS\System32\fwpuclnt.dll

dbghelp: loaded successfully - version: 4.0.5 - missing functions: none
symbol engine: initialized successfully - sym options: 0x614 - pdb path: .;C:\Program Files\Java\jdk-17.0.12\bin;C:\WINDOWS\SYSTEM32;C:\WINDOWS\WinSxS\amd64_microsoft.windows.common-controls_6595b64144ccf1df_6.0.26100.8037_none_3e092faae333b53b;C:\Program Files\Java\jdk-17.0.12\bin\server;C:\Users\PC\.gradle\native\c067742578af261105cb4f569cf0c3c89f3d7b1fecec35dd04571415982c5e48\windows-amd64;C:\Users\PC\.gradle\native\38dada09dfb8b06ba9b0570ebf7e218e3eb74d4ef43ca46872605cf95ebc2f47\windows-amd64

VM Arguments:
jvm_args: --add-opens=java.base/java.util=ALL-UNNAMED --add-opens=java.base/java.lang=ALL-UNNAMED --add-opens=java.base/java.lang.invoke=ALL-UNNAMED --add-opens=java.prefs/java.util.prefs=ALL-UNNAMED --add-opens=java.base/java.nio.charset=ALL-UNNAMED --add-opens=java.base/java.net=ALL-UNNAMED --add-opens=java.base/java.util.concurrent.atomic=ALL-UNNAMED -Xms512m -Xmx4096m -Dfile.encoding=UTF-8 -Duser.country=US -Duser.language=en -Duser.variant -javaagent:C:\Users\PC\.gradle\wrapper\dists\gradle-8.7-bin\bhs2wmbdwecv87pi65oeuq5iu\gradle-8.7\lib\agents\gradle-instrumentation-agent-8.7.jar 
java_command: org.gradle.launcher.daemon.bootstrap.GradleDaemon 8.7
java_class_path (initial): C:\Users\PC\.gradle\wrapper\dists\gradle-8.7-bin\bhs2wmbdwecv87pi65oeuq5iu\gradle-8.7\lib\gradle-launcher-8.7.jar
Launcher Type: SUN_STANDARD

[Global flags]
     intx CICompilerCount                          = 4                                         {product} {ergonomic}
     uint ConcGCThreads                            = 2                                         {product} {ergonomic}
     uint G1ConcRefinementThreads                  = 8                                         {product} {ergonomic}
   size_t G1HeapRegionSize                         = 2097152                                   {product} {ergonomic}
    uintx GCDrainStackTargetSize                   = 64                                        {product} {ergonomic}
   size_t InitialHeapSize                          = 536870912                                 {product} {command line}
   size_t MarkStackSize                            = 4194304                                   {product} {ergonomic}
   size_t MaxHeapSize                              = 4294967296                                {product} {command line}
   size_t MaxNewSize                               = 2575302656                                {product} {ergonomic}
   size_t MinHeapDeltaBytes                        = 2097152                                   {product} {ergonomic}
   size_t MinHeapSize                              = 536870912                                 {product} {command line}
    uintx NonNMethodCodeHeapSize                   = 5839372                                {pd product} {ergonomic}
    uintx NonProfiledCodeHeapSize                  = 122909434                              {pd product} {ergonomic}
    uintx ProfiledCodeHeapSize                     = 122909434                              {pd product} {ergonomic}
    uintx ReservedCodeCacheSize                    = 251658240                              {pd product} {ergonomic}
     bool SegmentedCodeCache                       = true                                      {product} {ergonomic}
   size_t SoftMaxHeapSize                          = 4294967296                             {manageable} {ergonomic}
     bool UseCompressedClassPointers               = true                           {product lp64_product} {ergonomic}
     bool UseCompressedOops                        = true                           {product lp64_product} {ergonomic}
     bool UseG1GC                                  = true                                      {product} {ergonomic}
     bool UseLargePagesIndividualAllocation        = false                                  {pd product} {ergonomic}

Logging:
Log output configuration:
 #0: stdout all=warning uptime,level,tags
 #1: stderr all=off uptime,level,tags

Environment Variables:
PATH=C:\Python314\Scripts\;C:\Python314\;C:\Program Files\Common Files\Oracle\Java\javapath;C:\WINDOWS\system32;C:\WINDOWS;C:\WINDOWS\System32\Wbem;C:\WINDOWS\System32\WindowsPowerShell\v1.0\;C:\WINDOWS\System32\OpenSSH\;C:\Program Files\MongoDB\Tools\100\bin;C:\Program Files\Git\cmd;C:\Users\PC\Downloads\apache-maven-3.9.11\bin;C:\Program Files\gradle-8.12-all\gradle-8.12\bin;C:\Program Files\nodejs\;C:\ProgramData\chocolatey\bin;C:\Program Files\Java\jdk-17.0.12\bin;C:\Program Files\MySQL\MySQL Shell 8.0\bin\;C:\Users\PC\AppData\Local\Microsoft\WindowsApps;C:\Program Files\JetBrains\IntelliJ IDEA Community Edition 2024.3.3\bin;;C:\Users\PC\AppData\Local\Programs\Microsoft VS Code\bin;C:\Users\PC\AppData\Local\Python\bin;C:\Program Files\MongoDB\Server\4.4\bin;C:\Users\PC\AppData\Roaming\npm;C:\Program Files\JetBrains\IntelliJ IDEA 2025.2.5\bin;D:\Windsurf\bin;C:\Users\PC\.local\bin;
USERNAME=PC
OS=Windows_NT
PROCESSOR_IDENTIFIER=Intel64 Family 6 Model 142 Stepping 12, GenuineIntel



---------------  S Y S T E M  ---------------

OS:
 Windows 11 , 64 bit Build 26100 (10.0.26100.7920)
OS uptime: 14 days 3:51 hours

CPU: total 8 (initial active 8) (4 cores per cpu, 2 threads per core) family 6 model 142 stepping 12 microcode 0xf8, cx8, cmov, fxsr, ht, mmx, 3dnowpref, sse, sse2, sse3, ssse3, sse4.1, sse4.2, popcnt, lzcnt, tsc, tscinvbit, avx, avx2, aes, erms, clmul, bmi1, bmi2, adx, fma, vzeroupper, clflush, clflushopt

Memory: 4k page, system-wide physical 16194M (2070M free)
TotalPageFile size 27203M (AvailPageFile size 164M)
current process WorkingSet (physical memory assigned to process): 965M, peak: 965M
current process commit charge ("private bytes"): 1080M, peak: 2310M

vm_info: Java HotSpot(TM) 64-Bit Server VM (17.0.12+8-LTS-286) for windows-amd64 JRE (17.0.12+8-LTS-286), built on Jun  5 2024 06:46:59 by "mach5one" with MS VC++ 17.6 (VS2022)

END.
